x,y,z,width,height,area
100.0,0.0,3.142857142857143,6.823576819784981,3.297566839463167,22.50120064745249
-77.35213617132945,70.8608930720005,3.1988903243251956,6.745897011446618,3.7866996101961194,25.544685583668077
9.34876080489137,-106.52430748450291,3.222100028032176,7.292648139103864,4.1864607571607335,30.530385250139577
66.01079621514222,86.09939441642572,3.2399094600695366,7.0544768049681785,4.4712933595846795,31.542635293398362
-108.12725867946851,-19.12618958389224,3.254923505793248,6.03983772583689,3.6428753005363728,22.00237567069898
93.62580882683946,-59.55707579691929,3.26815114561529,6.995259796073284,3.146259835893684,22.008904938027214
-29.078177344928477,108.16937033469301,3.280109846118646,6.806112967861008,4.135081851002909,28.143834209277596
-52.06952527081592,-100.25670240515068,3.291107006189363,6.739860787692138,4.149352270557252,27.96605666265016
106.95817231714993,39.06095298387766,3.3013429132072085,6.699197247981258,3.2248391194431245,21.603833354155682
-106.0304864639231,43.76784346004193,3.3109566872613003,6.63327499677109,3.6800198187385753,24.41058345126067
48.95605269259939,-104.61624101865952,3.3200496208417265,6.62294266343206,4.311500600205919,28.554821268516715
34.795068566045956,110.93216151480684,3.328698181596569,6.843855398947419,3.8600943645954704,26.417927657583217
-101.21600271264367,-58.65674245787466,3.336961777281931,6.241746799520416,3.2057705619811783,20.009608145242787
114.93292892664512,-25.26768201231521,3.3448876517675847,6.84093909933246,3.826958779674978,26.179991947412198
-68.06368345906905,96.81358574109743,3.3525141102015263,6.747610956608094,3.7326138050229347,25.18622580755938
-15.291340879596534,-118.00222219833257,3.3598727215179283,7.457035177435379,3.551527738336467,26.483867278412546
91.46090011821772,77.08334344684634,3.3669898687293536,6.931754746137373,3.5667637702375794,24.72393169269517
-120.11253122308132,4.967030264792418,3.3738878685893257,6.619792321170103,3.3895581295315167,22.438170878032434
85.62748450050347,-85.21078380990029,3.380585798382241,6.593548737407306,3.895871857730966,25.687620968642666
-5.606314011476931,121.24170934031339,3.38710011836146,6.5066631097823695,4.36590177437825,28.407452016280352
-78.11939183721321,-93.61313981641852,3.393445148373437,7.410514434287485,4.482239674428261,33.21570180528666
121.37421535756988,16.330729010259294,3.3996334383636904,6.613758321061066,3.4613437972038796,22.892491340810267
-100.96282990156291,70.24730733026873,3.405676060287943,6.205079737250614,3.802659452960598,23.595805119230313
27.108911788343192,-120.50183082703036,3.4115828408931312,6.968254334832993,3.860423773159448,26.900414691610663
61.65998583883811,107.6048969026502,3.4173625493801496,7.11429245685156,3.773975563484555,26.849165883640286
-118.62408089940382,-37.844317244308115,3.423023050197406,6.9391348008440925,3.885394665260427,26.961277336722613
113.47389169804906,-52.42781611796769,3.428571428571429,6.678513574520672,3.4749254927323685,23.207337073661055
-48.441490406480064,115.74846488134536,3.4340140944943247,6.978612568830288,3.9229019185309575,27.37641263494859
-42.62594117838745,-118.51097534980161,3.4393568695215833,7.495840016954446,3.6360221395974284,27.25504025652673
111.89054975812381,58.806537091781905,3.444605059730681,6.795219302251134,3.533059450902863,24.00791377677593
-122.66431065213817,32.33391862557546,3.4497635174454713,6.458404354645141,3.0253782827898474,19.539116276018788
68.84767637468917,-107.07395531355917,3.454836693770954,6.854786696839473,3.8069440473826925,26.0957894116111
21.635267056575973,125.88942747853649,3.459828683557274,7.034910021833677,3.5578595946599125,25.029222118750123
-101.3302473686176,-78.47583908742278,3.4647432640852047,6.156302516861719,3.131096990731047,19.2759802845757
128.14955042720817,-10.616928302516417,3.4695839285124945,6.5929008502804045,3.638975588464238,23.99140525133551
-87.60528813627941,94.69874949311013,3.4743539149230407,6.705459798314722,4.141068354674856,27.767767374345542
0.631334045858665,-129.41588035033675,3.4790562316654583,7.026314000667557,3.995172971718531,28.071339786274525
87.22628036157701,96.15424318891952,3.4836936795444133,7.336724095856299,4.46160168013957,32.73354055279293
-129.66782347166767,-12.017584734540435,3.4882688713297085,6.983551011074202,3.8549022687394294,26.92090663644748
104.04549645032742,-78.96682230761759,3.4927842489690253,6.3059061941768215,3.008856126938066,18.973564488245632
-23.448403619000793,128.8931633513559,3.4972420988263098,6.909406816150499,3.8382121521784174,26.519769206093233
-69.98112586603895,-111.20700893771644,3.5016445652157033,7.2330961326912195,3.653827825305107,26.42848791273394
127.08817217034887,34.82959907948378,3.5059936624584243,6.455939138027418,3.220967895054342,20.794372696011116
-117.57247850421913,60.336254801657205,3.5102912856549557,6.08387133644298,3.952620345162207,24.04723362177371
46.06693924168465,-124.25765880811997,3.514539220335995,6.970788443064846,4.425115442940151,30.846543588874983
50.105076099816955,123.08187219515733,3.518739151131584,7.083187957220433,4.020676946025128,28.47921052395902
-120.41495205337662,-57.06689294471886,3.522892669577815,6.5547652691466975,3.364881865229464,22.05601078498765
127.68191655102534,-39.36569951784821,3.527001281163704,6.243256667206343,3.0457628907728616,19.015479474547334
-67.73737293391709,115.58181806289936,3.5310664117067185,6.79344984707084,4.228161050532385,28.72380004213011
-28.200871498358858,-131.32654031822398,3.5350894131335107,7.217516052656958,3.9020190732183178,28.162885298726835
109.78831189627688,77.98847415294306,3.5390715687323064,6.284389664786696,3.9115679364495337,24.581817112934473
-133.9772647649695,16.69732848145746,3.543014097934794,6.380323220175452,3.0999562941950645,19.778723125381813
87.73320033277948,-103.07256362016936,3.546918160678027,7.09316547522468,4.141788309613513,29.378389843439756
4.945114896217549,135.6035374705856,3.5507848613905626,7.003044376410642,4.404396161152158,30.84418176784124
-95.48050010409565,-96.88817236472998,3.5546152526416526,7.203295189082244,4.430754169593264,31.91603019383725
136.18300608912077,6.963128656008687,3.558410338487671,6.903848737279931,3.475710226340935,23.99577765727481
-105.3743122262261,87.06550422559494,3.56217107754591,6.397341107072961,3.817967845355031,24.424842642572525
18.932901304343364,-135.7017291996851,3.565898385822421,6.990826150701858,3.7017915367606316,25.878581079633044
77.8880137679286,113.11749651833047,3.56959313931753,7.058448728476879,4.406953281648599,31.106253787309566
-134.15432195597577,-30.868595997017266,3.573256176430025,6.888794739782889,3.1535022005356863,21.723829370944
120.04917398241119,-68.01506282858202,3.576888300178714,6.351867581343699,3.3563816052191053,21.31929150880956
-42.67426573470826,131.5440348414363,3.5804902802580196,6.703662797112069,4.379268044060007,29.357136265546806
-57.51976906088765,-126.1069416965652,3.5840628549425215,7.080408864541501,3.78212435685372,26.778986823065402
127.88276442671786,54.254395807577,3.5876067328538035,6.163132285095412,3.900080961500782,24.036714888311426
-131.23507501345122,46.48077054226549,3.591122594601564,6.098693747155987,3.6204977313700493,22.080306875898955
65.51467583949916,-123.19099561277314,3.5946110943097684,7.445815082642776,4.298842601384837,32.00838707929852
34.98161649923724,135.38500669127166,3.5980728610375383,6.7740257559703165,3.561959255565177,24.128803738915362
-117.49767542498019,-76.36276543325397,3.6015085001034994,6.7930538296026075,3.0479626032412153,20.70497403443327
138.5157510889088,-23.110116518902537,3.604918594321509,6.102501829341058,3.899968314748439,23.799563775124515
-86.70904724805382,110.84001899900208,3.6083037051548876,7.205592059617687,3.6443222096791636,26.259499176752566
-10.957653236955682,-140.59426974330998,3.611664373795638,6.565183628476043,3.51983797231195,23.108382630710725
103.26324896497609,96.46736142593672,3.615001122174524,6.949551436191624,3.946990143852044,27.429811022841157
-141.59577512025857,-1.381536188751646,3.618314453907339,6.134462228427493,3.9369509277430614,24.151076761412387
105.55571541625794,-94.82026998990713,3.6216048551822415,6.876539267705617,3.504545221475089,24.09914283092353
-13.811104234711372,141.50396982605764,3.624872795592556,6.5692028190774865,4.13872617869903,27.18813168049946
-85.57128077552196,-113.89696342706362,3.6281187289191124,7.194680374018376,3.8532104551696817,27.722617638771723
140.31121908434145,26.23335698381205,3.6313430938657776,6.383064493441669,3.4227457895300972,21.847607119226534
-121.4194499576875,75.58332632655755,3.6345463147515846,6.8828518428455085,3.3277182731298423,22.90419184868241
38.55003191551922,-138.01865481577784,3.6377288021625365,6.822586729144422,3.9114263344842906,26.686045401678534
64.92979379926996,128.05761213659392,3.6408909535659193,7.27741980054772,3.7368682264386264,27.1947588231221
-134.636210205093,-50.66308338185936,3.644033153889731,6.5372619516653,3.318619792390052,21.694686900834885
133.75253590077787,-53.68985570799009,3.6471557760696163,6.819358997085343,3.4474211137063038,23.509202188495056
-62.475469551494555,130.18258419569963,3.650259181565503,7.398159662590052,4.160669020514875,30.781293716961205
-41.94786470559505,-138.452461405379,3.653343720849975,7.174524745235985,3.541736249538521,25.41027436341341
124.68513591310654,73.89193456859884,3.6564097338702384,6.331429248040162,3.6855702599053526,23.33492733927173
-142.11323344206104,29.79270455843557,3.6594575504854134,6.418508536947335,3.5579851189553158,22.836957860346274
84.81977968794277,-118.17970957998472,3.6624874908807423,7.497056113552494,4.348966044932035,32.60444247478992
17.317102304457688,144.69869306917136,3.6654998659601805,6.851413436482997,3.661868737443106,25.088976670354725
-110.7103910440449,-95.16961721230825,3.6684949777187428,6.151579464250723,3.1653154171719655,19.471689318151274
146.18100711246302,-4.616906912270038,3.6714731195958548,6.909487304077498,3.3327428926129112,23.027544704263427
-104.85610117292927,102.32919759025084,3.6744345768108935,6.918602980257886,3.072207292446624,21.255382529491225
8.209659954182248,-146.54093267879642,3.677379626681992,6.973383577321066,3.7505284849646934,26.15387374332765
93.09570324732043,113.79862885678773,3.68030853892912,7.166157894192874,3.6528756071678736,26.177083368810646
-145.7680143328756,-21.062775217649456,3.6832215759623845,6.6550188684581535,3.7599200318105517,25.022338755593
121.9220074955222,-83.07660232047499,3.686118993156408,6.856622160485503,3.203035957699959,21.962007328397448
-33.84180167194617,143.8607121148916,3.6890010391116124,7.093717433493145,3.5822520231544064,25.4114836278165
-72.34521438403331,-129.15708068753256,3.691867955903156,6.858645641554114,3.9612393929695093,27.16873729774279
140.82645912073588,46.44608507522983,3.6947199793182293,6.32774243097736,3.835450787810739,24.26974469195556
-135.44130942578502,60.98093444462369,3.6975573390823717,6.184608967578537,3.4253104122796447,21.18420549252483
58.775754758759,-136.6816479219715,3.7003802590754207,6.992544780452509,4.092777277046022,28.618928386162793
49.0686324348461,140.71930294643064,3.7031889575376686,7.2276233192844135,4.046797713560023,29.24872952295327
-131.4515456656834,-70.73252140745299,3.705983647266767,6.383664096903994,3.0955141345260944,19.760722442033067
144.94329499520362,-36.698006614247184,3.7087645358058783,6.671372806846002,3.6698646902197534,24.483035499136392
-82.22046566891936,125.17013826012816,3.7115318256235432,6.785609051201834,3.9476013178150735,26.78687923270225
-23.962895836562822,-148.0735615264455,3.7142857142857144,7.673076830840581,5.059088474779491,38.81877456100313
117.87990461644587,93.14681129814558,3.7170263946203574,7.500111526029692,4.635992075766412,34.770457602037986
-150.0787763005557,10.960555985785135,3.7197540548750196,7.759536313202306,4.526723383903562,35.12527447722171
103.42267664599028,-109.63152247496791,3.7224688788677183,7.597743260664002,4.925920117356721,37.42587637421626
-2.209093813786192,150.93630132601334,3.725171046131506,7.997602688539632,5.211503295490472,41.67953276734775
-100.48350789250887,-112.96379844992924,3.727860732053018,7.849695598615871,5.198872058970815,40.80956311907023
150.63240959819518,15.4442493493647,3.730538108005316,7.688376209212012,4.710217962504014,36.21392772311894
-121.69122208428763,90.5017910000666,3.73320334147531,7.979666880415391,4.059532430604245,32.39371648646488
28.642017755987613,-149.162438115059,3.735856596186024,7.791856731193361,5.005262511288477,39.00028838997291
79.75923115432221,129.53195267292892,3.738498032213963,7.957089024140876,5.972294769555471,47.5220811597638
-146.53086969525293,-41.69922599424496,3.7411278061018107,7.444170115337457,4.586524265888489,34.14286687339715
136.4195617582482,-68.33507509711062,3.7437460709666954,7.2871268204733575,4.116326225119959,29.996191236889505
-54.51323500964288,142.75134268306837,3.7463529766042187,7.667173509683979,5.547890025812219,42.53663544054741
-56.31436220068677,-142.2947445541404,3.7489486695884695,7.502252492858395,4.620666389769788,34.665405941317395
137.84658819246414,66.98275314720141,3.751533293368186,7.531065685340247,4.494625230783919,33.84931784402126
-147.10582318488306,43.787281309326104,3.7541069883592693,7.302045181981882,4.147435254960206,30.284759621063966
79.008642378735,-131.84829511478728,3.7566698920337993,7.75109871152321,5.52180376803275,42.80004607168265
30.84848408635499,150.8091917236077,3.759222139005721,7.780541174413117,5.828466846482795,45.34862628276116
-124.79690368703864,-90.49471093552341,3.7617638611133506,7.765143981390402,4.386375628630809,34.060838312780064
153.3696992903683,-17.5963601361913,3.7642951874988437,7.369341311255274,4.615238572550084,34.01126827399216
-101.34848602457546,116.74132898540708,3.7668162446847644,7.970599724533029,4.942757096977383,39.396738355601606
-4.132279491434489,-154.76096794686387,3.769327156647878,7.939366479228145,5.211370090718312,41.3749770091011
107.73861626747599,111.48196044291583,3.7718280448902934,7.680917643615528,4.965958027996146,38.14311463468977
-154.9656426294044,-9.440191668159898,3.774319028508072,7.425974919761019,4.1254809554727965,30.635718107292714
120.81230708965155,-97.85353063177324,3.7768002242574044,7.1106099844162,4.837128036051271,34.3949309090457
-23.016095966501283,153.97557088949407,3.7792717466184724,7.987920519013875,4.99120910198333,39.869381600421455
-87.15808399074538,-129.26255560896638,3.781733707857083,7.914274677373736,4.544683466993856,35.96787327950855
151.79191075848095,36.48990416952056,3.7841862180841703,7.39914873449388,4.60933001541539,34.105118350425435
-136.76222567686372,75.7310028586027,3.786629385313266,7.600620791268068,4.568809976733112,34.72579210051067
49.75634249392117,-148.4251656147741,3.7890633155160067,7.873946585690602,5.250076336708254,41.33882064603898
63.65714093474018,143.24791176835495,3.7914881126757676,7.868936741709687,4.729889025915828,37.2191975402385
-143.89514550476994,-62.71122138457076,3.7939038788395,7.752614135538319,4.70712593555678,36.49253106575652
148.66381460743574,-51.02684091273979,3.7963107141678467,7.972050693139359,4.946893815046184,39.43688826712574
-75.25225922524075,138.2308549473644,3.7987087169835942,7.674577252377223,5.655005901542333,43.39977965403574
-37.93525036066783,-152.96221490683808,3.801097983818547,7.781105944717622,5.369042272686622,41.777086745442084
131.47030783220498,87.27989446534356,3.8034786094588626,7.559111916135433,4.283207195342994,32.37724254959426
-156.10388544510258,24.48159689712518,3.8058506869889386,7.687759144537729,4.4292617262166,34.05109733927264
98.69807971473548,-123.66027059908757,3.8082143078338726,7.919687586933806,4.7630791715169,37.72209899024535
10.768428226204518,158.05843800161023,3.8105695618005857,7.967417607234862,4.855114003705295,38.68272079825411
-114.85593545551528,-109.415051479205,3.8129165371176326,7.021472284150935,4.178281258532645,29.337686052174256
158.80460217220462,3.099177109706301,3.815255320473774,7.739207186136023,4.681070294575759,36.22777286258859
-119.34406937988959,105.12052594709226,3.81758599705533,7.68782940831519,4.571843236887059,35.14755088674724
17.01442214959113,-158.33043361502774,3.8199086505823896,7.86093655243802,5.078850811419704,39.92452398786865
94.52483773624164,128.40411891995245,3.8222233633439,7.9037396673630544,4.52894749843562,35.79562199479029
-156.6334498241606,-30.86962079341042,3.824530216231685,7.76982784220646,4.301614518799379,33.422804254606966
136.5205721289003,-83.14671796507331,3.8268292887734257,7.750609101211359,4.176597920590273,32.371177855427405
-44.55703747476433,153.72069209323516,3.829120659164659,7.562530733970938,4.923077359553663,37.230923837341074
-71.07048707326585,-143.62580072787415,3.8314044042998043,7.874161360085943,4.5156476756124615,35.55693844306955
149.60871290808691,57.96973065636549,3.833680599802273,7.460166654779136,4.2030999898914185,31.355826391290485
-149.6597368151478,58.38630740802942,3.8359493200536914,7.53922282673601,4.474234254923691,33.73224902688487
71.00239352588967,-144.32348859214602,3.8382106382222583,7.564112636405365,4.63728327432491,35.0769330139123
45.18950339664838,154.57037646750345,3.84046462629028,7.783705789060926,5.178856062839694,40.3106919170386
-137.90025761608192,-83.55218526965126,3.842711355080908,7.963993173966755,4.693292162294689,37.377346743946575
158.3142220870449,-31.579838449302546,3.844950894284101,7.42501401610491,4.7694265094642985,35.41305868155474
-95.5195463535555,130.38328556958612,3.847183312481849,7.567503612184745,5.420397855960967,41.018880354463064
-17.66075411760177,-160.8566597910541,3.849408677172682,7.9509249677871106,5.023275716744392,39.93968831634168
121.82555837348528,106.80899134465798,3.851627054795477,7.3114794487024035,4.413689802996445,32.27060228755587
-162.1722686411081,3.5385773496135333,3.853838510752607,7.302307112184495,4.679831080563103,34.173563783418
117.32987296174093,-112.28840588003801,3.856043109432437,7.548026738349284,4.658261341229319,35.1606811578177
-10.678298047482862,162.24505903300832,3.8582409142311995,7.594112040122541,4.600534810440073,34.93697679496583
-101.8410585637678,-126.99711124851827,3.860431987574264,7.822223913513019,4.7493818639182726,37.15072839034655
161.068638117082,24.88024940287186,3.862616390936827,7.438430805308718,4.327313714267583,32.18842363644288
-135.7318820169324,90.56014054012286,3.864794184864037,7.614949768335013,4.157607196214512,31.659969955641678
38.95727612747475,-158.64630068484362,3.866965428990574,7.6217355082391185,4.87007225771822,37.1184026543412
78.52910266037193,143.46225900864363,3.8691301820597057,7.516305726155002,5.401095674379747,40.59628634485151
-154.9910445384361,-52.79985697770854,3.8712885019418266,7.276323170733981,4.398591350260349,32.00557216048945
150.1238045680408,-65.83759991429,3.8734404456525127,7.44327746538592,4.413272030770962,32.849208255255455
-66.29980693433278,150.1255099492547,3.8755860693700943,7.864081078616272,5.368736603652945,42.22017994086171
-52.580817823768136,-155.6601040071686,3.8777254284527687,7.762012483421925,5.4911913719804355,42.62269597817091
144.08184340691597,79.3511269742647,3.879858577455262,7.002421006606713,4.747290810033474,33.242528892649396
-160.0232392693388,38.85875292619277,3.8819855701450656,7.058370664474756,4.308748828599127,30.412746332374045
91.85084004653507,-136.90148645484413,3.884106459518244,7.85127166704826,5.607743684651972,44.02791910737684
24.77545282391285,163.1741979600302,3.8862212978148474,7.5781433340452455,5.722308640157725,43.364475076760776
-128.63489099931132,-103.69980664999598,3.888330136533918,7.9210680051430025,4.412092545365997,34.94848509682855
165.0832143080639,-10.438221611283176,3.8904330264481297,7.9125218211734305,4.31500391545136,34.14256263945768
-114.80351354867885,119.34116306027323,3.8925300176180455,7.960686818152728,5.36377901484098,42.69936489892881
4.043203218452906,-165.73003914276617,3.894621159406025,7.616663838640643,5.648046218365443,43.0192693903951
109.08763750014141,125.07282935022471,3.8967065004897803,7.899813343411521,5.04788775513592,39.87737104406637
-165.10413652004686,-18.557496040486722,3.898786088875597,7.073958874105187,4.810063426050055,34.026190857715584
134.42472091214105,-97.94938681624309,3.900859971911232,7.133447354645349,4.8851290043709215,34.84781057333102
-32.992603999384045,163.20480519776456,3.9029281962984874,7.750950916779024,4.646395987415385,36.013987238375655
-86.00866760977333,-142.7829248280509,3.904990808105481,7.675387599500027,4.732297573325907,36.322218111449736
160.04122374401507,47.23661685914732,3.9070478527786245,7.280574626498895,4.299341397644758,31.301675890348722
-150.07856857946567,73.35430884434244,3.9090993751543,7.14268054144099,4.50542697164936,32.18082556128329
61.1786390260012,-155.6324186565468,3.9111454194702655,7.652379284655605,5.870544059803432,44.923629752897796
60.08104647676531,156.2507363154483,3.913186029376786,7.877422906051357,4.672790407590099,36.809546191927296
-150.00715547273165,-74.7096569284629,3.915221247947498,7.583954674774062,4.660261044809572,35.34320853645101
161.24697464000144,-46.288809477757965,3.917251117690016,7.3710007066529215,4.273206558386857,31.49780856154342
-87.72339495353002,143.20375345271768,3.9192756805562943,7.9456945812277215,5.984560786380788,47.55149221137374
-32.08196265720247,-165.02373424195048,3.92129497795274,7.640848994872136,5.8372021137114025,44.601179903417275
135.2698250187855,100.11715320550913,3.9233090507500967,7.867447788026474,4.473953101249025,35.19859243015583
-167.5467436910526,17.56851206431207,3.9253179392930946,7.3141542927799525,4.999423478922103,36.566554699782984
111.79262047444195,-126.26194172698567,3.927321683409879,7.881362627775914,5.514019017607469,43.45798341421716
2.8592790448056062,168.79131224323223,3.9293203224212263,7.54851315938913,4.702898444801495,35.49989079785476
-116.2452291277805,-122.6566559741549,3.9313138951495428,7.972476588026968,5.748513163917982,45.82988661530094
168.7425590434164,11.932950698262454,3.933302439927668,7.939895868068231,4.199549525475084,33.34398592506752
-132.62203363340942,105.29289343665059,3.93528599460747,7.786374348954514,4.848130156145782,37.74935628820636
26.694296477106498,-167.3955666819393,3.937264596568256,7.809563766921379,5.462301700677999,42.65819344560793
93.48568347841373,141.6081429968995,3.939238282724986,7.877463046003872,4.7557545394083025,37.46328064005407
-164.7554576458033,-41.31066369734478,3.9412070895363147,7.457429805901771,4.787920723639823,35.70558271276639
149.54164111322623,-80.91129188640475,3.943171053012445,7.270785055176899,4.244415991738031,30.860236360682713
-55.66862980069357,160.8373928044942,3.945130208722812,7.965652159228767,5.07958047718785,40.46217119608769
-67.66370002539698,-156.35705015239714,3.9470845918036037,7.904715237334862,5.02706969806224,39.737554441416954
155.66649167698085,69.656328171469,3.9490342369651086,7.922081606020364,4.18765035429258,33.17490784418591
-161.99729590303667,53.842471561351296,3.950979178498911,7.393247548318232,4.58327221801661,33.88526608912637
83.16432310018465,-149.27767483724014,3.952919450284928,7.798037992827068,4.732866510561303,36.907072864335916
39.55200001809729,166.41418274628964,3.954855085798293,7.641831681251664,4.64958243074466,35.531326323855666
-141.7154294253601,-96.08646894559537,3.956786118116097,7.9129313946921895,4.4960210059334695,35.57670576904651
169.56880118595578,-24.900716037522518,3.958712579923982,7.17922323759947,4.486394759229173,32.20882950850255
-108.32074673839632,133.0334993352199,3.9606345035225967,7.914647052259866,5.022676024526294,39.75270799197333
-10.000260392707663,-171.43186452903757,3.9625519208339126,7.922807257978173,5.989936187965684,47.45710990484063
123.29450224317429,119.77007162478833,3.9644648634074175,7.770368390195946,4.477706398367415,34.7934282584523
-171.98397185367017,-5.0353709100242385,3.9663733624261623,7.362140174068375,4.5129869269883445,33.22524236022627
130.34306475520398,-112.56947622041733,3.9682774487126995,7.720792443098256,4.106239721106065,31.7034246082656
-20.090702866347463,171.2157949681667,3.9701771527348884,7.78032660743467,5.14817486842163,40.05448190850729
-100.93735923019294,-139.95478348116848,3.9720725046115817,7.7075762323638415,4.907433456189606,37.82441746883415
169.12818765128102,35.049672285530626,3.973963534118199,7.542030536686125,4.137562460291027,31.205622422961095
-148.52740402967515,88.48440534534261,3.9758502706921863,7.524217684829489,4.078898831749789,30.690522724482104
49.79652628262158,-165.73221606523535,3.977732743438355,7.739409588281351,4.944219452630279,38.26533943825396
75.30354202758208,155.9908511773187,3.9796109811341305,7.519486373033818,4.922400735944443,37.013925256545875
-161.04910984491448,-64.21672147410607,3.981485012234678,7.332595658925691,4.507201569238906,33.049486660504265
162.2833698431179,-61.493673283350546,3.983354864877932,7.76216080643858,4.639459119147366,36.01222773771974
-78.19781687285642,155.11013398414136,3.9852205668895295,7.600655666744497,5.400410036557776,41.046657147106714
-47.15893394828535,-167.35203395649464,3.9870821457876406,7.907391790324299,5.863155441406914,46.36226720277627
147.9563822583033,91.63035350575045,3.988939628787699,7.079478489009967,4.648044587149773,32.90573167068603
-171.15318843194333,32.40790074982936,3.9907930428070517,7.311611268336038,4.540931085262404,33.20152289174199
104.40871385947077,-139.6384935369672,3.9926424144695036,7.984642477248443,5.197839904771163,41.502893293572825
17.35276615197862,173.65282059091516,3.9944877701097834,7.7395784432195125,5.883151376195182,45.53311156939744
-130.21629294570553,-116.4319543961829,3.9963291357779163,7.507594048853472,4.00135411157921,30.040542315447446
174.82685791048567,-2.1084812946661753,3.998166537243518,7.292282792356675,4.085452755475205,29.792276827738
-127.6046045702515,119.75836042827972,4.0,7.482423378221762,4.796153056579168,35.88684775607773
13.208125399075763,-174.66138954326138,4.001829549268694,7.703251411788436,4.522396196113664,34.83715488237923
108.34152983439685,137.8374260180097,4.003655210002908,7.5440375290225505,5.129844206973324,38.69973721544568
-173.1528096395747,-28.479247166042686,4.0054770068918835,7.014317777320481,4.865919772115038,34.13110756056173
147.04812588438125,-96.05032220886832,4.007294964364709,7.063649330786174,4.446313902446127,31.407202221478844
-43.58700845570458,170.3078811064592,4.009109106594126,7.907431350672495,5.444706511396373,43.053642963426356
-82.97631748237734,-155.16201858879478,4.010919457500286,7.854605980379316,5.0580351943941455,39.72887348685731
166.14371905387992,58.41437804956228,4.012726040754431,7.61656084234238,4.349588230726363,33.12890339846369
-162.1126307177527,69.2174692564748,4.014528879782503,7.725568606620094,4.366208906405976,33.73144645727506
72.84607865446493,-160.6876938021879,4.016327997768688,7.886820109236362,4.678593225999909,36.899223137753104
54.877367832971714,167.8422441584359,4.018123417658895,7.572075185009242,5.8247713443784725,44.10560655512115
-153.97725395103888,-86.76948588353726,4.019915162164172,7.66373229252639,4.310479663555007,33.0343621938648
172.3023730541804,-40.064457056479725,4.021703253764053,7.955187469295783,4.240926848895698,33.7373681265351
-100.07550959982126,146.05967063415736,4.023487714709854,7.557207754184819,4.847750207972759,36.6354554620428
-24.89121091520836,-175.4541706648814,4.0252685670279,7.9627220151043785,5.279870133474383,42.04213814870857
136.99170470146206,112.65945071413942,4.027045832522701,7.982756859230819,4.598592316881633,36.709444360393
-177.2687627495493,9.473276176193645,4.02881953278006,7.519171089136382,4.978682567775426,37.43556602560427
124.42182669927165,-126.83919917536426,4.0305896891701405,7.851259586425397,5.965932292844675,46.84008310616161
-6.07141238579071,177.72750465028508,4.032356322850465,7.988497876615689,5.420548051058283,43.3020365959724
-115.67659991675559,-135.26915930612094,4.034119454768862,7.6739486530130065,5.618451629263744,43.11570931240724
176.82215984254225,21.623537373640875,4.035879105666376,7.631801797170832,4.82198583782388,36.800440183036585
-145.11471824251765,103.58640800367662,4.037635296080101,7.926977357633743,4.977114817697908,39.45347646623471
37.06331779517744,-174.55499832120123,4.039388046345984,7.66921423743385,5.416525827653241,41.5404969948664
90.65856786742499,153.8792148996727,4.041137376601574,7.644907016911513,4.951310295064045,37.85230681764133
-170.9388138110262,-52.27143463312356,4.042883306788715,7.624390712278946,4.120645969840466,31.417414861041323
161.49144058263298,-76.98979574262447,4.044625856656204,7.2754581262145726,4.968656506202276,36.14925235441825
-67.1299557869817,165.99685941872448,4.0463650457623945,7.928541041843565,4.730794575048806,37.50829894880535
-62.68285346546999,-167.88884411665245,4.048100893477757,7.504004581620626,5.963711734539932,44.751720179452334
159.7627019772,81.52325319993548,4.0498334189874,7.529647776071768,4.6660112769736966,35.13342143479078
-173.01804415803932,47.84577309417281,4.05156264129354,7.469328619946536,4.058271904617254,30.312566484682595
95.33890502377996,-152.27999596576808,4.0532885792179325,7.850336318293856,4.948280614426624,38.84566702054276
32.59103822402663,176.8352720323269,4.05501125140427,7.6997206398469675,4.58548633050815,35.30696374274974
-143.6021785181374,-108.46857577051905,4.056730676320518,7.138823653556643,4.369169676455447,31.190731832682566
179.30674145078763,-17.034728223289076,4.058446872261239,7.545072185445314,4.7282385714172825,35.67490133135023
-120.80886755006642,133.7920876479647,4.060159857349856,7.764804699548426,4.6445363768337575,36.06391788606238
-1.2956319223491268,-180.40894201433971,4.061869649540883,7.840866676567406,5.024738831504245,39.39830726239588
122.92150642490108,132.26213569841087,4.063576266622128,7.926377872068127,4.946392891929912,39.20697916514832
-180.12885399751258,-14.505662455080579,4.065279726216849,7.248060006911234,4.751715098254006,34.440716167891146
142.7372623582068,-111.07063641754641,4.066980045785875,7.008455104038946,4.503193346724617,31.560428395326362
-30.24769412587132,178.46408250986352,4.068677242629694,7.5178298945403075,5.362404344071213,40.31364368447137
-98.32750427900515,-152.15038188215195,4.070371333890513,7.789747561484497,4.669065986982308,36.37084538650564
175.42290975341672,45.80906620333264,4.072062336554273,7.35555113363965,4.851333586095993,35.68423225887249
-160.42555228645128,84.78730588138492,4.073750267452632,7.10399181656164,4.963724684082773,35.26225953538903
61.06938453674996,-171.02426472753118,4.0754351432649285,7.682620394238917,5.328202541986017,40.93455751369741
70.55169290338065,167.49536738447762,4.0771169805201,7.52328345352065,5.918307096121868,44.52510184910749
-165.29761037220285,-75.91019165728176,4.078795795598575,7.09270119475121,4.540643071583418,32.20542453875851
173.30150467641738,-55.728007236095,4.080471604734134,7.615377395870936,4.788539827803296,36.466537963880924
-90.215888570331,158.28274878219915,4.08214442401574,7.795126593360266,5.392575898045914,42.03581178957132
-40.42846899278261,-177.79520455585788,4.0838142693893476,7.923497668629309,4.692187235373913,37.1785346202574
150.02954576264233,103.87463720843469,4.085481156659663,7.634752451116669,4.717787321640119,36.01913831773905
-180.93767691531116,24.7693242847256,4.087145101491905,7.310398901378351,4.423849627119748,32.34010545395923
116.77923648885877,-140.59757662661602,4.08880611941351,7.815796271778429,4.622747862202599,36.13045550677477
8.869959255622692,182.7004317854246,4.090464225815829,7.642132376857159,5.08636377192583,38.87066526190769
-130.05569575255785,-128.82796510495257,4.092119435955789,7.326415086769973,4.790845957387196,35.09972610059249
183.06553122332357,7.14801285366328,4.093771764957536,7.675740962122142,4.290704243176527,32.93433431570135
-139.9253844200691,118.48153301783748,4.095421227814037,7.860369351472233,4.646883958124362,36.52622424428871
23.161684609189745,-182.02576026903478,4.097067839388677,7.868695863930103,4.6385582352783254,36.49940400053348
105.96092080169632,149.98309512356144,4.098711614416819,7.871048161511339,5.126479704866769,40.350768656016776
-179.5847154113225,-39.04780008199591,4.10035256750734,7.1153914741933395,4.209648583296129,29.953297638935346
158.9204416501143,-92.58725579972858,4.101990713144145,7.802982119766897,4.0910956121138575,31.922745911581238
-54.68370604598416,175.7568096402476,4.103626065687665,7.908794583763864,5.566410741653126,44.023599124591236
-78.46080040986661,-166.6651587524365,4.105258639376322,7.845940857403192,5.176560542313567,40.61498785975924
170.56719380864172,69.94830131868349,4.10688844832797,7.965336760722751,4.090121276412452,32.579193358822366
-173.153955050871,63.68792893191984,4.108515506541329,7.1402229791201215,4.713852045412837,33.65795469482913
84.72297688215187,-164.05159467341988,4.11013982789738,7.748756408573083,5.415842455063766,41.96604393149754
48.380324265354666,178.3330288583478,4.1117614261607525,7.51701492009699,4.544941212685324,34.16439090671929
-156.25607063521457,-98.892539472653,4.113380314981082,7.318927413107705,4.286620548764884,31.373464643946104
182.15851209174292,-32.65413118964274,4.11499650789435,7.446479598071544,4.406161638092418,32.81039274386069
-112.34611143604728,147.23668683615597,4.116610018324208,7.5071482371758025,5.232842225492569,39.283722288525645
-16.6290726649343,-184.59683862722414,4.118220859583271,7.6443971571023726,5.750009385745751,43.95535540170678
137.0591119057519,124.97799981037097,4.119829044874412,7.493727337266134,4.389246109736667,32.89181356252269
-185.62503403339556,0.4275358951655643,4.121434587292008,7.4200421100315594,4.318779967747301,32.04552922464571
136.68852781669852,-125.7981392588095,4.123037499823198,7.437117068078031,4.456635965665817,33.14452340646366
-15.826364851499918,185.23092421759432,4.124637795349101,7.524358748757316,5.197322351154491,39.106517903021235
-113.53713644237277,-147.38482221252514,4.126235486646026,7.969538467179201,5.914235236872558,47.13372522420254
183.41326114293264,32.00774147086295,4.127830586386662,7.853776130389399,4.235383980599741,33.26375760986788
-156.9815502865773,100.36742659607128,4.12942310714125,7.780827674461889,4.7384518518396135,36.86907730289885
47.99189396168246,-180.18176441182976,4.13101306137874,7.924063270827299,4.668260434812793,36.99159105015633
86.38760662760791,165.4016006477641,4.13260046146793,7.924387061013986,5.869269874620432,46.51036625204134
-175.55707816092763,-63.65527365043417,4.134185319678586,7.529686986328603,4.6700171917611675,35.163767674734906
172.5767023811389,-71.70280720810985,4.135767648182551,7.301507666445618,4.399986575662398,32.1265357144568
-78.87644024699846,169.5706433674081,4.137347459054837,7.560280379925302,5.235747281907534,39.58371744965276
-56.42390015673681,-178.4479776070987,4.138924764274695,7.629707727612329,5.6691384491765655,43.25386943458662
162.26448632276075,93.53700530442396,4.1404995757266825,7.961195674178186,4.1845990011454175,33.314411466089254
-182.96642298311627,40.66665920657676,4.142071905201697,7.197073048730393,4.051691986679004,29.160323199084363
107.522554741601,-153.69092468188873,4.14364176439802,7.907114035730915,4.7471256139759905,37.53606357164729
24.550880521078085,186.09331622626328,4.145209164922319,7.6378582366166965,5.439051758435212,41.542706272548905
-143.91219313801955,-120.72354323054829,4.14677411829066,7.126224483553063,4.051515085038012,28.872005994482453
187.80054430555106,-8.199469659028924,4.148336635929484,7.543025009920957,4.854896589326926,36.620606393872954
-133.03615344909556,132.99999140218802,4.149896729176589,7.325020873571118,4.4186995065799834,32.367066119736776
8.262498036275446,-188.07085055132455,4.15145440928209,7.941039923312158,5.714126543949641,45.37610701236183
121.0349577751746,144.36311345362913,4.153009687409353,7.752315042424973,5.783659181381636,44.83674807208416
-186.89799855002738,-24.708736423814013,4.154562574635948,7.356695739578516,4.017081705133137,29.55244786569175
154.6144657334123,-108.10607218492873,4.15611308195455,7.250609168969658,4.488956745621314,32.547670938910095
-41.012719558765724,184.28685133183544,4.157661220273863,7.941563311876159,5.415101296718666,43.00436978811397
-94.30999311909406,-163.7082818655538,4.159207000419505,7.904201898866194,5.413865486955322,42.79228586219841
180.25336501102248,57.048657212558815,4.1607504331348935,7.968466680299686,4.382706739049887,34.92345261964392
-171.57131709530952,79.75033340587748,4.16229152908212,7.093295123773447,4.845068603362403,34.367501498578356
72.69246738354023,-174.82449669943654,4.163830298842807,7.930271994494702,5.858637945067511,46.460592421652876
64.53688028305788,178.13959961704097,4.165366752918955,7.554011879635561,5.322493475547872,40.20617894357139
-168.03802717703937,-87.82273826655532,4.166900901733779,7.101647161289099,4.4514035128461735,31.612297120756352
183.358949823481,-48.784765640353015,4.168432755632535,7.872565234571162,4.064994641739317,32.001935495275006
-102.32167221208061,159.94229946485373,4.169962324883334,7.900820645594056,5.951555921125069,47.02217589503249
-32.613592721832866,-187.18542532098994,4.17148961967794,7.532945394262913,5.930809230464609,44.67646207688035
150.5958751000946,116.07600432542753,4.1730146501325684,7.6274957457226265,4.358822032984664,33.246896512952574
-189.58568807285272,16.1465259276763,4.174537426288667,7.697499031820037,4.098242457008399,31.54621734498592
128.9778885347661,-140.06711055483314,4.1760579581136845,7.5209706405026004,5.289950947661984,39.78556576706469
-0.49064934202136257,190.53729062606254,4.177576255501832,7.732604707543059,5.718736192172799,44.22072640079226
-128.43365686442203,-140.92574418961007,4.179092328274839,7.551707372190143,5.788369000768208,43.71206885605817
190.02887899596007,17.170489609444502,4.180606186182684,7.687733660015978,4.99435674576946,38.39528446457974
-151.82505653974272,115.78188613406105,4.182117838904341,7.534401505880464,4.105908309525127,30.935561750293225
33.76487162064576,-188.06031042210665,4.18362729604849,7.73413850579079,5.232663350092447,40.47014310379023
102.20624916733153,161.58912478459706,4.185134567154231,7.961411581879274,4.9978255448052495,39.789746176624604
-184.64268486325756,-50.14597850217171,4.186639661691792,7.690820116975491,4.849145594696013,37.29390648983118
170.13975177302072,-87.8085690044305,4.188142589063219,7.739956363353614,4.36892941910035,33.81532305840856
-66.18728616857288,179.79828976415806,4.189643358603064,7.702641852359291,5.536310389333231,42.644216112529705
-72.69727566597972,-177.40786987008119,4.191141979579061,7.676177591616065,4.944333647449806,37.95358315002753
173.56045829698056,81.76454235557071,4.192638461192791,7.700469822969465,4.687164330832301,36.093367484873
-183.33409798783399,56.9865878666353,4.194132812580342,7.674073047117236,4.489718720981191,34.45442942581943
96.75673069160186,-165.97334195037666,4.195625042812965,7.958464118945202,5.777611745763537,45.980915771855464
40.79564788755687,187.8692252971726,4.19711516089771,7.637375995443674,5.503277575142443,42.03060004865636
-157.09159900413636,-111.04701231727732,4.198603175778061,7.574964204920618,4.46478410356052,33.82057976716953
190.97461769405623,-24.24761617471458,4.200089096334566,7.306393393864618,4.688643934609017,34.25707707001073
-124.52363771736388,146.98000108215712,4.201572931385453,7.758383947444864,5.921652452032243,45.94245332619447
-7.468732557979261,-192.6225436813492,4.203054689687239,7.690067075470832,4.944333476903869,38.02225608088666
135.7129606157344,137.08082164215455,4.204534379935335,7.596703185053846,5.514195022440929,41.88970288998507
-192.796416942715,-9.412648738704128,4.206012010764644,7.702296737438527,4.12430193429201,31.766597332708752
148.61957426303064,-123.37398266809588,4.207487590750142,7.251747732903814,4.518319847729524,32.76571571230688
-26.26704290527161,191.4909535227874,4.208961128407465,7.571293328912092,4.999407858906982,37.851983370653116
-110.05504516477137,-159.0484820286805,4.210432632193476,7.8632518903537045,5.832615259144704,45.86332296217545
188.71224218329698,42.96482961705293,4.211902110506841,7.730430496035165,4.12416516342669,31.88157215003953
-168.28443206146397,95.85591213816217,4.213369571688576,7.014677011555472,4.965324219255165,34.83014565572883
59.37725170959134,-184.4777271729258,4.2148350240226105,7.510153709718456,4.787142561727508,35.95217646890896
80.88338512410536,176.25327435502226,4.216298475736327,7.7888543154895995,5.641361193777356,43.93974047938832
-178.81610332425058,-75.37740974989778,4.217759935001098,7.269071110089008,4.388678919728742,31.901619146856834
182.89041650127646,-65.25049833914194,4.219219409932824,7.6200651357555325,4.852902424928525,36.97943257542133
-90.84124481019846,171.76712406899173,4.220676908592459,7.71447943174307,5.245699387797908,40.46784003227417
-49.07566371569986,-188.14134618391822,4.222132438986525,7.67567788505191,4.578037512356482,35.13954129053271
163.38132363767315,105.64850182275683,4.223586009067626,7.133281759644771,4.2167608799791045,30.079343469938582
-191.96207722252888,32.48177227492095,4.22503762673496,7.247383274333074,4.357558139675148,31.58089397841561
119.6836660260377,-153.71965537647355,4.226487299834817,7.81963653121354,5.92507638833209,46.33194377643239
15.595258670173065,194.31951553241433,4.227935036161071,7.775382408954355,4.643817646958729,36.107458042554704
-142.85304876733542,-132.8368652024471,4.229380843455672,7.355254936395795,4.245477353242564,31.226568259793925
195.19174197569092,1.4548639644551418,4.23082472940913,7.397400069410208,4.516455551950318,33.4100286134854
-145.0047306547881,130.86188837219987,4.232266701660987,7.608984847661212,4.720021628373341,35.91457305092595
18.537991479629785,-194.5682097144425,4.233706767800296,7.504674218012054,5.18150887261832,38.88553604673941
117.83541853359645,156.091210170637,4.2351449353660815,7.625254998255054,5.730759833995772,43.69850506797556
-192.44985433202316,-35.52293091896304,4.236581211847801,7.418456995572167,4.768044648756973,35.3715341797716
166.00832657884953,-103.87107824694935,4.238015604685802,7.7852417708799475,4.567077388591852,35.555801656506596
-52.27890976660037,188.84911565877763,4.239448121271769,7.534538773923973,5.742289890134309,43.265505828328585
-89.07377117030275,-174.67687590771777,4.24087876894917,7.7842546256185985,5.489338323939644,42.73040723971262
183.78987091844226,68.67658445809354,4.242307555013694,7.930817207222068,4.472569593275764,35.471131890849634
-182.02705960697554,73.55507625021038,4.243734486713688,7.831155978254065,4.7225867810233755,36.98331370303483
84.58904036582054,-177.30727949596255,4.245159571250582,7.566243538240215,5.7299290064728705,43.35403831980053
57.4324049149231,187.99904579212475,4.246582815779316,7.740753554663738,5.615294634040191,43.466611898930815
-169.4475403113932,-99.8927755172194,4.248004227408758,7.030301538794994,4.250505714691929,29.882336866655585
192.54345500657368,-40.828111212357435,4.249423813202119,7.1126412369225855,4.775340217364975,33.96528175036498
-114.4686604122894,160.26756346203757,4.25084158017736,7.912053502601065,5.88214427141188,46.539840185429156
-23.868561649681922,-195.62176656940625,4.252257535307601,7.948820773528763,5.017386241361645,39.88230398415284
149.83455846165091,128.20286647280568,4.2536716855215175,7.015238227469473,4.685792953048318,32.87195385023163
-197.20664218128437,6.683171818239248,4.255084037703736,7.6425609136268955,4.527988287415209,34.60542630275986
140.98775588101918,-138.22554205534144,4.256494598695229,7.150120081059858,4.712910675624663,33.69787726202528
-10.596582839100826,197.28216409246065,4.257903375293699,7.607901720640309,5.937095637170452,45.168840113635156
-125.52676921723726,-152.72272584686257,4.259310374253957,7.503527580386362,5.699035739706165,42.7628718544928
195.84398579074272,27.83817454411239,4.260715602288309,7.412300712455326,4.523880048126469,33.53235930379026
-163.31500067857814,111.83309153990736,4.262119066066921,7.865578304591068,4.2525856415311365,33.449045360442796
44.90904124997246,-192.89939383837185,4.263520772218195,7.975402391386007,5.274102661018709,42.06309097510392
97.24724779526602,172.6803654195488,4.264920727329126,7.603829604146865,4.706178061150877,35.784976063765534
-188.46728017002903,-61.67760742621777,4.266318937945675,7.030538116894394,4.101874301100341,28.838383624595497
180.74383525108365,-81.87909198176698,4.267715410573116,7.656295955949744,4.861122122625689,37.2181896488369
-78.01429969039113,182.5780248542884,4.269110151676392,7.742201338607581,4.945506851783842,38.28910976797382
-65.84476466788001,-187.4402553437137,4.270503167680467,7.968333990953475,4.973731742605848,39.632355706490436
175.2732900124821,93.79254943652177,4.271894464970666,7.565230008774878,4.971573098280767,37.611093993931554
-192.71482636455266,49.265813893226856,4.273284049893023,7.61769758504037,4.352297016139095,33.154482469221186
108.88977469297438,-166.60572627677396,4.274671928754614,7.911081818409041,5.790717508285667,45.810839995341645
32.2682722927411,196.52355141150483,4.276058107823891,7.727525705832824,5.539203394690562,42.80433662230776
-156.63859384792895,-123.1883335848227,4.277442593331015,7.461115486616773,4.905758959776811,36.60243414839976
198.83360074228017,-14.981697462584702,4.278825391468183,7.549905332105575,4.258206199527008,32.14905369101397
-136.57644197778373,145.4453008775438,4.280206508389943,7.670851093753989,4.697536932135743,36.03410631382322
2.4618171135463,-199.62359129276484,4.281585950213529,7.645410191171299,5.053341924942722,38.63487185243028
133.10886254419893,148.9490481404561,4.28296372301916,7.83668565013081,5.619132152618432,44.03537230661352
-198.8837786305029,-19.92865301509427,4.284339832850364,7.657980290005433,4.640719201102639,35.538536173493775
160.20865757725446,-119.72128481307752,4.285714285714286,7.510837725350477,4.862916004599196,36.524572982554254
-37.284691963568974,196.6161596598943,4.287087087581989,7.520504728481749,5.3736527127048515,40.41258063511561
-105.38287745921825,-170.26610155370213,4.28845824438876,7.5502463055352145,5.171075690045283,39.04289512440736
192.8344850810562,54.396347154395485,4.289827762034411,7.48443141130887,4.238526707869852,31.722962430052696
-179.04124325589692,90.20150149110101,4.291195646383572,7.641519814255364,4.638088400190463,35.44204441032338
71.13159290030866,-187.5641812988604,4.292561903265984,7.950088808423556,5.276779257479278,41.95086371940757
74.29175662932388,186.4636159938553,4.293926538476791,7.681349815251892,5.789154066970183,44.46851752278615
-180.84218217709713,-87.36098464010871,4.295289557776826,7.2955578729390895,4.196990131000535,30.619384392868618
192.47298837055888,-57.774114970634336,4.296650966892896,7.80926732101732,4.175397108446544,32.60679219126181
-102.95866142316872,172.71667172963203,4.298010771518058,7.518608755406641,5.0032707272320955,37.61763509543698
-40.77400739675221,-197.01985189100228,4.2993689773119,7.594020237864268,4.57400075611215,34.73505430992213
163.24673953042952,117.80332309774441,4.300725589900821,7.439440401506217,4.942693126630402,36.7708709385013
-200.0658270741903,23.42086966685617,4.302080614878294,7.482480992954312,4.193599882064268,31.37853140960133
131.7791746090997,-152.50195130205486,4.303434057805138,7.503985995317668,5.388487689818181,40.43513616033729
5.847155459255357,201.58398475138094,4.304785924209784,7.798624213748579,5.840996607659347,45.55173757691549
-140.5618378024819,-144.77683005047896,4.306136219588547,7.659217420965245,5.546358790889579,42.4807678741052
201.5590798811875,11.812676101001864,4.30748494940587,7.915101038033439,4.401296766848652,34.83670860797698
-156.6941694043239,127.51530576757571,4.308832119094596,7.76034282762529,4.104543601376175,31.852665497614876
29.42319067823403,-199.98769588149278,4.31017773405622,7.858601591570442,5.885114860597501,46.24877301006638
113.45997527651672,167.4371412606918,4.311521799661136,7.65569961906398,4.820143136174576,36.90156797144556
-196.87829816436354,-46.849018821410084,4.3128643212488935,7.172782624759856,4.462076747381488,32.00550656396291
176.9205052019984,-98.50144848490866,4.314205304128444,7.233378756919615,4.492634403591633,32.496926257545944
-63.95589792060712,192.25119625801221,4.315544753578383,7.596310587850123,5.707295830699388,43.35439174673462
-82.75251521084057,-185.06850799498574,4.316882674847193,7.654057634385493,4.75023292245022,36.35855656518942
186.13841460396847,80.61170799474647,4.3182190731534895,7.239398243174679,4.215310820719767,30.5163137499539
-191.81548822881103,66.33230135849136,4.319553953686247,7.923972737187838,4.7670513970549955,37.77398530703698
96.68749331076899,-178.5834728225664,4.320887321605046,7.602419732807263,5.323377697055563,40.4705516492813
49.365366618034535,197.10640457862021,4.322219182040298,7.939013696697802,5.992423384118876,47.57393132293195
-169.6410769401742,-112.05846192631172,4.3235495400934765,7.51844118378822,4.328579211067313,32.544168207778014
200.89728345281492,-31.980758286012318,4.32487840083735,7.3729377650011045,4.302615535330299,31.722916568717203
-126.6049554011148,159.37672376187533,4.326205769316202,7.8227623898071625,5.61126258598528,43.895573916977725
-14.311028403771315,-203.155582395057,4.327531650546058,7.808355653656132,4.534510314613725,35.40706925167613
147.86622124819283,140.2133811357607,4.328856049514904,7.60416322642173,4.8009679045316505,36.50734359087057
-203.8604662542072,-3.508778289855444,4.330178971182908,7.469181221870424,4.790821749498301,35.78351584868112
152.77710006840573,-135.1951284086898,4.331500420482634,7.763109404612157,4.6808580227754275,36.33801293826219
-21.342157854091052,203.00299380197384,4.332820402319259,7.918101288881022,4.912773648372579,38.89983935715964
-121.45811885377783,-164.19726278892378,4.334138921570783,7.871347185037165,5.904676652591629,46.47775994793179
200.5862131639392,39.05219417034192,4.335455983088243,7.44892820396511,4.649822292587505,34.63619241868077
-174.38358751292097,106.75827274391216,4.336771591695918,7.345559266283403,4.28024104870255,31.440764297223605
56.502611453919705,-196.62516512959186,4.338085752191537,7.695689957045625,5.6283332923809155,43.31390799308135
91.20630243786937,183.2550737925522,4.339398469346479,7.694642645354879,4.891773727494986,37.640450735009516
-191.1467941156296,-73.558824152842,4.340709747905983,7.472259541220755,4.730715180994345,35.349131647982865
190.74064632371986,-74.91971766456705,4.34201959258934,7.108475293484713,4.312659038589997,30.65643022504053
-90.0889761360796,184.18976726866075,4.343328008090096,7.575675419641916,4.92259127927899,37.2919537553775
-58.02193652177934,-196.77972373643897,4.344634999076247,7.950321833530298,4.524125266696953,35.96825188544687
175.80420290305457,105.96496113897734,4.345940570190434,7.00169510694533,4.87802983657196,34.154477638259216
-201.32270782291167,40.64134903638281,4.347244726050133,7.273004503184911,4.7292302368893715,34.39571280949464
121.0634165613941,-166.0513101713665,4.348547471247846,7.612636740007327,5.9980547586010795,45.66101202390235
22.910340400594666,204.33138926196017,4.349848810351295,7.530786098801624,5.496245166941519,41.3910466988088
-155.00294255390278,-135.26668290206996,4.351148747903601,7.557033739615976,4.831452099869996,36.51144653005602
205.77926653395804,-4.96428132564244,4.352447288423473,7.340543245885481,4.145057903907038,30.426976800329037
-148.46372136291888,142.74106842331506,4.353744436405394,7.3272312510177375,4.776933213886639,35.00169432881478
13.05950677802092,-205.6517753833194,4.355040196319796,7.861861828387815,5.366630206722496,42.1917051693046
129.35716258725517,160.55098246240868,4.356334572613244,7.8042220093569705,5.808811785179584,45.33325678211067
-203.9464268695058,-31.022803872941065,4.3576275697086135,7.840520350810145,4.251455683154008,33.333624804336445
171.43321886085366,-114.95152332924616,4.358919192005268,7.318592919209179,4.744762480896552,34.72498509601888
-48.78755254963354,200.67285274858952,4.360209443879229,7.670641428452392,4.608507019014422,35.35020486336566
-99.63252005203613,-181.02423601615237,4.361498329683355,7.5870075148209875,5.028484648056294,38.15115081296507
195.85275763929434,66.2169203066408,4.362785853747509,7.863026963753855,4.69538479307977,36.91993723318605
-189.2475747546364,83.51577717344975,4.364072020378729,7.4526284287839335,4.591664520159538,34.219969538379516
83.17635467317393,-189.51977814509098,4.365356833861396,7.822631584056003,5.39738035293201,42.22171802000928
66.72330042803816,196.03712035438707,4.366640298457401,7.990886163958015,5.312203997595267,42.44921742450648
-181.71924982170307,-99.53462303004177,4.367922418406311,7.7023051843588455,4.030603040164221,31.044934692349408
201.33763329380116,-49.3825521846599,4.369203197925527,7.184466556350691,4.974138987734854,35.73653520402114
-115.1648290856921,172.50788359175894,4.370482641210456,7.745341385541847,5.166024582559734,40.012623998026456
-31.625482796880796,-205.10519741213474,4.3717607524346604,7.837511874386953,5.250625405843284,41.15183896625455
161.9533539097898,129.9453981275761,4.373037535750024,7.017898452090611,4.487305760095009,31.491456147828046
-207.3075818567271,13.587525356524164,4.374312995286907,7.571944906058472,4.994602178090006,37.818852520177174
143.76102339355756,-150.13380166588942,4.3755871351543,7.8169117630748906,4.665415754632683,36.46914329202313
-4.5934384820041565,207.92451384881383,4.376859959439982,7.986885058931395,5.388129211996293,43.03436869888498
-137.13725547979288,-156.50356619211294,4.378131472210672,7.74642508455137,5.972500959308268,46.26553124869268
206.94785998127003,22.778133700252653,4.37940167751218,7.664345688961793,4.3459168619461925,33.30860916544366
-168.07290274153053,123.06097567373872,4.380670579369558,7.638950499224548,4.170617054013729,31.859137226832587
40.826960052533835,-204.38171446206564,4.381938181787248,7.884818532732267,4.944910186447074,38.98971948079446
108.01072581728047,178.37771109469335,4.383204488749227,7.600194931843638,5.816199934550279,44.20425326515833
-200.24239343129716,-58.60106494020012,4.384469504219162,7.409729038523514,4.403451690643369,32.62838386189563
187.3361919643725,-92.0999773054825,4.385733232140545,7.834083258125969,4.584991550178549,35.919205541902805
-75.96341276938854,194.55833520189694,4.386995676436838,7.675994015572236,4.686024713201855,35.96989765536104
-75.4490529592095,-194.87671776090073,4.388256841011621,7.503727025961005,5.124881753894259,38.455713721550794
187.36990699895483,92.7798425486065,4.389516729748728,7.1964467431606085,4.404114825032677,31.69397778911176
-200.9384046959079,58.184216118353,4.390775346512386,7.507941837278116,4.958738380850791,37.2299193497064
108.92010555650515,-178.72911949442903,4.392032695147357,7.584970654412476,4.708770253188603,35.71588418880596
40.43671213201895,205.4716033883753,4.39328877947907,7.509613551948752,4.633326134213474,34.79448872808783
-168.69925114729406,-124.2588750473196,4.394543603313764,7.584705898698782,4.830101198176455,36.63489704912101
208.4383040282012,-22.341769530492808,4.3957971704386125,7.071124112928297,4.086434034449284,28.895682236885197
-138.67672016080877,157.35438505835376,4.397049484621869,7.771659844075764,4.723354862304713,36.70830731269354
-4.037568489159738,-209.81245280304577,4.398300549612987,7.564580425759144,4.603471199110628,34.823328123338236
144.7788617286164,152.06103646368655,4.399550369142759,7.938268211189756,5.811938340762502,46.13672537586991
-209.58017697149134,-14.335815538129545,4.400798946923445,7.822902603747554,4.137104151954908,32.36416284230287
164.30692586860752,-131.06665176499592,4.402046286648899,7.227987970236638,4.756424642941264,34.37938010051655
-32.63748493166663,207.73991666433284,4.403292391994697,7.690543157450274,5.7780608100660364,44.43642602618495
-116.32065320207889,-175.3180190524103,4.404537266618263,7.847388611441764,5.058920759210888,39.69931715201784
204.30246221075436,50.726801534733944,4.405780914159002,7.170140768807067,4.836606348753583,34.67914836386916
-185.00723392473358,100.65191869888999,4.407023338238408,7.499688269686545,4.333086146578806,32.49679534503834
68.46446848698439,-199.2908965117665,4.4082645424602,7.70239682025866,4.554241840685864,35.07857787238775
84.17881842038581,193.29746417810128,4.4095045304104445,7.7184348694745015,5.772418034609337,44.55403263951217
-192.74044271399694,-85.71360393259596,4.410743305657666,7.980042499471095,4.071833893126825,32.493407517938905
200.12219247751258,-67.02614492048075,4.411980871752977,7.5814422074671235,4.019209040835362,30.471401062822665
-102.34079831959046,184.69821816711305,4.413217232230192,7.544442829158591,5.8910892800623404,44.44498627489937
-49.32416680276231,-205.4260234174944,4.414452390605943,7.933425064736399,5.848153641206036,46.3958886795734
175.2228963721804,118.21714711680718,4.4156863503798025,7.515084360073251,4.933890911497649,37.07860642330354
-209.1651319831671,31.207638343053972,4.416919115034397,7.201092069399246,4.239318405591525,30.527722150163388
133.2192509483561,-164.38427934052436,4.418150688035517,7.7243269316936285,5.1517063307909865,39.79346395510538
12.814772611385104,211.30762389451115,4.419381072832237,7.945899238676984,5.4916898343470075,43.63641407378802
-152.26278347764512,-147.23017538072028,4.420610272857022,7.750988448470077,4.672885820165973,36.21948401312608
211.8338048848173,5.713814073099742,4.421838291525848,7.7324834249696615,4.0803243626434424,31.551040502640316
-160.14036289333762,138.94884277905078,4.423065132238303,7.750256719207993,4.260387877971454,33.019099777680545
24.23617828460818,-210.73635666012132,4.424290798377703,7.772452953248439,5.489127264514741,42.66398341783412
124.5422337692834,171.84848991730178,4.425515293311197,7.9918673543692185,4.622837158090808,36.9451013683109
-208.02041800094977,-42.61013798646255,4.426738620389882,7.287624404890757,4.729101851098197,34.463918063277276
182.26226223615885,-109.15132722690159,4.427960782948897,7.936461450503828,4.330720084208701,34.37059300124504
-60.694365024895795,203.7035701954583,4.429181784307547,7.688524882860459,4.868470085106657,37.43135339080431
-92.89227231196597,-191.2991425045904,4.43040162776939,7.738016991895243,5.905861843116677,45.699659293822606
197.81572672843862,78.34947321863123,4.431620316622352,7.8099595273306655,4.7194844055248595,36.858982197017376
-198.88700415159883,75.88811924416136,4.43283785413883,7.779987875431161,4.864000960731391,37.84186850057574
95.4390936596839,-190.39892788804636,4.4340542435757895,7.996394642541969,5.157194711924335,41.23896416497753
58.26788716489567,204.96470649080237,4.435269488174871,7.698619405803076,4.55292067558017,35.05120346610355
-181.507041685783,-111.83092892316944,4.436483591162489,7.467951935940446,4.889329756597774,36.513279621235576
209.48258645739597,-40.165584251717775,4.437696555749929,7.51150533689824,4.1273904845759475,31.00291565235524
-127.39777803039877,171.2053732095742,4.438908385133452,7.996350541630217,5.7706885818281695,46.14444876688099
-21.719187534741984,-212.40286302471995,4.440119082494391,7.649260403741255,5.807640294375968,44.4241529429423
159.57018523913226,142.01852421916547,4.441328650999246,7.3392727049117905,4.015247680926622,29.468997708085123
-213.69995101837884,3.069590189418741,4.442537093799782,7.3226150248752715,4.252284350591639,31.13784127568432
155.579077846396,-146.68813364166684,4.443744414033125,7.885064145463147,4.598108396711978,36.25637965586665
-15.640475654662609,213.36068173739895,4.444950614821857,7.851329974397049,4.56909021834956,35.873434987052256
-132.6556217290693,-167.973267079255,4.446155699274112,7.662008210465499,5.354952407535678,41.02968931319036
211.38442850472612,34.26753234536523,4.4473596704836655,7.030724941616571,4.713864123016166,33.14188206108128
-179.10366941893562,117.57807838977806,4.4485625315300314,7.7180784699284,4.7723488362867705,36.83336280433278
52.668457995675034,-207.78313599798113,4.44976428547855,7.875899406560552,5.012051728047937,39.47441523058354
101.56916540470928,188.88237754383223,4.450964935380481,7.604945389327607,4.67266640400613,35.53537282501243
-202.58125295022538,-70.70158716673906,4.452164484273097,7.192792873656302,4.326977649513514,31.123054001890903
197.2316934522774,-84.7499199122409,4.453362935179766,7.927856460095624,4.243240714173827,33.63980330760374
-88.22780247421994,195.81556855386336,4.454560291110046,7.906746451365029,4.823251129617601,38.13622375314633
-67.24783849791285,-204.08474542581575,4.4557565550597715,7.814081816688342,5.169552066616047,40.3953028041681
187.53495364299903,105.11160869983415,4.456951730011143,7.532416665329868,4.942553009653045,37.22936865918689
-209.38602291800083,49.19590984623478,4.458145818932807,7.915733595051558,4.59257566807292,36.353605503581164
121.22218110882463,-177.8000084648458,4.459338824779951,7.718547830212952,5.703458150242369,44.02241453026361
30.731603301120057,213.09182509651444,4.460530750494382,7.85822703413809,5.990391108131378,47.073853350978425
-166.68261957348253,-136.43437985716858,4.4617215990046155,7.436706288154673,4.318791604122456,32.11758467960708
215.17061942329087,-11.995821034747793,4.462911373225956,7.168662709596694,4.679633896311796,33.54671700705506
-150.62972261824265,154.26542908375842,4.464100076060583,7.776820250575607,5.120551454953263,39.82160824899493
6.868178180737181,-215.60330734327638,4.465287710397633,7.969824529987552,4.919894383038159,39.21069493888549
140.64122020401163,163.6973078656782,4.466474279113279,7.744865469670221,4.64351142136197,35.96337126532561
-214.3833948622351,-25.715875370716866,4.467659785070815,7.771897052593388,4.865253170007894,37.81224677210499
175.53468161498577,-125.91222361818926,4.468844231120735,7.0715626441600055,4.0339640491264115,28.52642947768677
-44.402599526217685,211.5170665221969,4.4700276201008124,7.982236258101816,4.966782805133666,39.646033793254595
-110.18934990586436,-186.04864084849308,4.4712099548361826,7.660478023758126,4.90565537407678,37.579665185246114
207.02316202414917,62.784639037877014,4.472391238139416,7.133164495474627,4.505015387233757,32.135015811782715
-195.1559673230537,93.5913537677549,4.473571472810603,7.649378370456248,4.081516360305576,31.221062965184785
80.72034785005211,-200.93305549573537,4.474750661637423,7.621787817574662,5.056565657340895,38.54007052588724
76.24393635973313,202.78408598447447,4.475928807395231,7.608461734265014,5.592075895115492,42.547095463092
-193.29043815112192,-98.07123781455853,4.477105912847125,7.5549600456290245,4.026994300445901,30.42378104384459
208.87164278192748,-58.27879252734669,4.478281980744027,7.043477247288385,4.061605542109903,28.607826223311505
-114.70304881311056,184.15100583568653,4.479457013824757,7.993421453399838,5.086221760748162,40.65631413911346
-39.832610168030165,-213.36899728734411,4.4806310148161055,7.990799463722799,4.5276434840653055,36.17949112439707
173.5820536825839,130.48678837481597,4.481803986432909,7.103114727277564,4.1759705255618815,29.66239774079563
-216.23862617140082,21.04602933149874,4.482975931378123,7.625349817367901,4.081429284735503,31.12232605095787
145.29973273312388,-161.66198082796672,4.484146852342894,7.92129334011498,5.764826968344401,45.66488547126174
2.0625689917856778,217.45543426722438,4.485316752006634,7.97366911558016,5.7368035364149375,45.743373180462825
-148.47970882907558,-159.0263815497206,4.486485633037086,7.837056597209712,5.1898732904797225,40.673330709836584
217.00697065819168,16.972470311969115,4.487653498090405,7.394002369063231,4.201270922416292,31.06420715342253
-171.55935887503367,134.13401810046562,4.488820349811218,7.5111346608719725,4.917811343228634,36.93834323575395
35.91311956822824,-214.8935479526576,4.489986190832699,7.979682635775558,4.852072544541538,38.71799903120144
118.73280732254084,182.80025331538474,4.4911510237766405,7.858688090057427,5.118605780672664,40.22552628627136
-211.1282636503289,-54.61386158514564,4.492314851253517,7.138277234583258,4.447576973175806,31.748037456677572
192.66039083203364,-102.39228137847557,4.493477675862556,7.3951017833731925,4.101700275933248,30.332491025416278
-72.93074987703329,205.73692325665516,4.494639500191806,7.515772139187594,4.922486952674317,36.99629029442408
-85.23607393579438,-201.0615341039986,4.495800326818202,7.893778237228106,4.777334601395253,37.71121990845066
198.75786555724613,90.72251753546554,4.496960158307637,7.831795678461178,4.358317605730451,34.13345298992102
-207.93650294082786,67.3943113029722,4.49811899721502,7.220712916846414,4.695160422104707,33.90240550655752
107.85166753683927,-190.24169121813878,4.499276846084349,7.757892199123017,5.861836094283406,45.47549250837897
49.00262465535743,213.22971082922902,4.500433707448774,7.9197829012175704,5.5583440746483825,44.02087836148426
-180.25089662391346,-124.1855360657076,4.501589583830658,7.479175424137751,4.3997975666816505,32.90685783190648
216.89761333411946,-30.201118134855058,4.502744477741647,7.962172387086907,4.071006052122621,32.414051975874415
-139.59732062577572,168.85941559843332,4.503898391682728,7.95121608021427,5.494295650081389,43.68633192237846
-11.133300680876431,-218.90906474539884,4.5050513281443,7.697078384708645,5.785819468787195,44.533905971028375
156.15207236668843,153.9670649667217,4.506203289606226,7.0677292186778296,4.562606351639728,32.24726622480915
-219.24558006145682,-8.055010256750153,4.507354278537905,7.542005604219855,4.0255668203771995,30.36084751944634
167.18259317311825,-142.22394980532826,4.5085042973983285,7.717231910988458,4.083662128686673,31.51456769319585
-27.216804741272714,217.90150012377734,4.509653348636142,7.783470121836767,5.745829462475591,44.72249194634817
-127.1796776886195,-179.14038563934108,4.510801434689709,7.834411435645711,5.277595933129309,41.34685793122555
214.8840584584485,46.20500756046947,4.511948557987166,7.72505647178678,4.075431913680374,31.482941680102954
-189.74639008864713,111.13264626063103,4.513094720946492,7.252359857241494,4.493391991961063,32.58769570534881
64.87360797634155,-210.21334913426068,4.514239925975552,7.800390687950664,4.878981238314109,38.05795981803138
94.20415104856579,198.91676128234894,4.5153841754721755,7.738886655064666,5.058789365303306,39.14939750992881
-203.92219570757973,-83.07878332846728,4.516527471824198,7.3302658164620595,4.306107742862848,31.56491438951013
206.57852360252792,-76.52247537175231,4.51766981740953,7.954898897564837,4.609103927257716,36.66495574970416
-100.68000783839123,196.0559220854792,4.518811214596212,7.525346174492533,4.947397221691775,37.23087675595318
-58.22191749165021,-212.6701512749718,4.519951665742465,7.634481174773091,5.015764255091384,38.292757782594954
186.6720268948362,117.54113806104691,4.52109117319676,7.776549938328224,4.900124425951329,38.106062302432434
-217.14206162356783,39.44176978644583,4.522229739297864,7.103175269232878,4.758740454051795,33.802167505918746
133.5314665938666,-175.8397636904065,4.5233673663749006,7.699415371866575,4.993624784125012,38.447991424226025
20.32525771595076,219.9570174085027,4.5245040567474035,7.64728762876989,5.12790118933157,39.21453532672972
-163.6396300635401,-148.5267358837622,4.525639812725373,7.780315231443853,4.515033820722214,35.12838640584918
221.09043499327223,-1.018446665529054,4.526774636609333,7.007071241146552,4.88899993738624,34.25757085922642
-162.41010426490718,150.16276941953225,4.527908530690379,7.445978324509789,4.234222619628529,31.52792984690308
18.33087498092161,-220.53059580441777,4.52904149725024,7.793545552611489,4.9064709824532295,38.23880510431569
135.51028987015266,175.07305671406803,4.530173538561323,7.777214378566985,4.586610815659476,35.671055584437724
-218.27875928758067,-37.574327991441244,4.531304656886777,7.594912944679061,4.327382737412949,32.86609516895832
186.41625322249973,-119.79250533338082,4.532434854480535,7.14884479699596,4.4983500607419735,32.15800642680172
-56.56408098042962,214.34917631824655,4.533564133587374,7.563929324729171,4.853981993670312,36.71517674363024
-103.12810453977325,-196.35030815106,4.534692496442963,7.7683143713365075,4.61327697466981,35.837385821283284
208.76900278964337,75.15398690209777,4.535819945273918,7.66002553537564,4.043434627467649,30.97281249702428
-204.79649445470275,85.64325420945295,4.53694648229785,7.382083491822332,4.515593202901858,33.33448603892693
93.20070859981246,-201.57811386779767,4.538072109723418,7.838965543547911,4.994768158347618,39.15381549129723
67.47064318102443,211.6873672299674,4.5391968297503755,7.646181674936009,5.381503183692111,41.14795102675641
-192.82882016883408,-110.56482473728724,4.540320644569629,7.913307310298503,4.247729911347786,33.613592159642046
216.96730165020296,-48.74847473971619,4.541443556363278,7.892258405909568,4.291757085208246,33.87165593185673
-127.1119075735486,182.58548787032726,4.542565567304673,7.617138859414355,5.2324011683794245,39.85592626770799
-29.619414803058262,-220.59294100341432,4.543686679558457,7.615680399994263,5.957025450025582,45.36680196202683
170.92406551104418,142.7135642455337,4.544806895280621,7.75083408891565,4.322590288212105,33.50368015829011
-222.53355123185835,10.229503975160894,4.545926216618547,7.616791306730268,4.699718482549109,35.79677488195962
157.24843348860873,-157.93152095600158,4.5470446457110585,7.95881354360374,5.278892510381101,42.01372120684945
-9.272958227644008,222.77127908563278,4.5481621846884694,7.861488779725184,4.855916963784878,38.174736726072
-143.7051927008168,-170.60313005429555,4.549278835672629,7.524358697213559,5.675656922808386,42.70567852953363
221.30131173905164,28.738548448752233,4.55039460077697,7.790325267278414,4.853089591212605,37.807146466789426
-182.67312947362453,128.3520603554334,4.551509482106555,7.126301250265318,4.699617639600863,33.49089106085657
48.017865166771216,-218.13193647294997,4.552623481758123,7.633422392893181,5.263971480987072,40.18211777851779
111.98793977727938,193.3635862609023,4.553736601820134,7.715158189657732,4.691546570770329,36.196023947639354
-213.28449979243533,-66.96267618411073,4.5548488443728194,7.90652741221688,4.921329475074368,38.9106263992264
202.59007915294902,-94.73660891285508,4.555960211488221,7.137210203164163,4.0520751403535975,28.920512035719554
-85.42705910937268,206.7932661221175,4.557070705230238,7.524533460699295,5.2742528786316125,39.68629226545315
-76.72887095004027,-210.27927752925953,4.558180327654676,7.751689691751955,5.945466014258059,46.08740761538578
198.70517699356392,103.26852605317775,4.559289080809286,7.138886444033756,4.298361852766366,30.68551716226563
-216.36952375492356,58.101561876808844,4.560396966733811,7.688693324320489,4.0630415187587525,31.239480201717402
120.34912386365089,-189.07951240670144,4.561503987460029,7.902401011872134,4.951220416032348,39.12652922565599
38.99650998164938,220.81132682598033,4.562610145011799,7.585380204961226,4.970329109346775,37.70183603818158
-177.98745680219372,-136.53650140130003,4.5637154414050976,7.897521734202298,4.990710218200868,39.41424241734685
223.56776337134886,-19.559455213349743,4.564819878648072,7.967354216417845,4.885166103334369,38.92184875130262
-151.7049355922392,165.51157281963995,4.56592345874107,7.522922951387662,5.442591717815791,40.94419814898882
0.06106336013343987,-224.6147827714249,4.567026183676696,7.796015645312597,4.908906986708492,38.26991566976372
151.7451867310506,165.73630830189387,4.568128055439841,7.673314161726159,5.893227910573753,45.22058918448544
-223.941413885493,-19.71484349480648,4.569229076007732,7.301173012032079,4.239842788723877,30.955825744289594
178.5210264362525,-136.79169012492264,4.570329247349971,7.2867677341129085,4.847024078874636,35.31913866441204
-39.251170422636655,221.5498716326713,4.571428571428571,7.756043193407462,5.822226067916731,45.15743686454505
-120.76376306803043,-189.95887810168875,4.57252705019801,7.9109210289073095,4.834173530277624,38.24276503806034
217.45556243842464,58.5199733916321,4.573624685605257,7.269316435892215,4.632994462070158,33.67870279052421
-199.95981813420227,103.78252458470058,4.57472147958982,7.460156277942182,4.81504555531859,35.92099232808758
77.37297921323312,-211.686988334873,4.575817434083784,7.850239629681417,5.627449964814408,44.176830727835366
85.97661686206074,208.4446768410125,4.576912551011852,7.803000814843525,5.451193036191434,42.535663703271105
-204.285550282218,-95.66485394449413,4.578006832291385,7.029575838071661,4.599964134152346,32.33579673343356
215.34578637777884,-67.48123011010496,4.579100279832438,7.711999800278208,4.3339858375411175,33.42369791352568
-113.25432390906741,195.30525205462143,4.580192895537799,7.777233256978091,4.549743198471754,35.384414113864395
-48.437075473306756,-220.60751980891854,4.581284681303032,7.617355512573299,5.151688116866031,39.24223987606782
184.81230680081978,130.00526740533718,4.582375639016512,7.897933701645136,4.522509833291367,35.71848282837341
-224.18673856182448,28.989313802258632,4.583465770559462,7.508410667684669,4.701189387821706,35.29846055032645
145.78776866119213,-172.88464914172468,4.584555077805998,7.968440617338265,4.729133918871795,37.683822803970095
9.286448446154168,226.0531446831964,4.585643562623154,7.951338524393764,4.596805575779188,36.55075726384111
-159.61135639843133,-160.47912587135033,4.586731226870931,7.736414565755295,4.586222107958333,35.480915517797804
226.18953503188706,10.520809482943639,4.587818072402328,7.801012415027181,4.488983856670032,35.01861879673952
-173.96480549280747,145.09198324881444,4.588904101063383,7.357779889176372,4.503088065161682,33.132730805036765
30.280694697475607,-224.59195529208782,4.589989314693203,7.790727068743709,5.668154247014024,44.15904272202677
129.43581478340994,186.1393353746521,4.591073715124006,7.938017184591379,4.600794758286295,36.521187854054546
-221.26975245754448,-49.84155133799509,4.592157304181157,7.999581222707529,4.450111676548958,35.59902980667256
196.90712975598458,-112.76104356773705,4.593240083683201,7.834948755561806,4.676458160536731,36.63981004533411
-69.05299766505708,216.24552521615465,4.5943220554419,7.695505596832074,4.784063584948436,36.81578809357121
-95.19387691041084,-206.1832396794206,4.595403221262268,7.680370514536343,5.125826315091442,39.368245293062785
209.55497244830443,87.76708289028764,4.596483582942607,7.558639740040681,4.505052875346558,34.05207169457903
-213.8940229294457,76.86758108452035,4.5975631422745415,7.4400567205612544,4.314717558861615,32.10174337113201
105.83942724161138,-201.24664083626985,4.598641901043052,7.543543853854872,5.336513594141894,40.25622432410206
57.92146974473482,219.97772821486657,4.599719861026511,7.5646295117099775,4.630323377945586,35.02668087356781
-191.3815733593271,-123.13033647314327,4.600797023996715,7.180310450996078,4.262976336676573,30.609493542587774
224.3849889651883,-38.49984422371595,4.601873391718923,7.174790009698849,4.018674767029794,28.833147570714214
-139.50588221214406,180.0328612142372,4.602948965951887,7.74457191908939,4.869561311807547,37.712667793708825
-18.750893773833546,-227.07922279828728,4.604023748447882,7.625300873316995,5.0874450009030285,38.793298808338044
167.2851024474554,154.83893978424732,4.605097740952749,7.359686041434707,4.721014241482296,34.745182614451714
-228.03693343567812,-1.1744358587985901,4.606170945205918,7.253050511731292,4.0327888619199115,29.25002131865247
169.0101754716245,-153.23377130801714,4.607243362940444,7.742495284405404,4.269615983871336,33.05748162134576
-21.123596883931754,227.24791258655412,4.608314995883045,7.769922517939109,4.717806286128582,36.656989297865145
-137.9845030229713,-181.90897553459828,4.609385845754131,7.7759017089758204,4.964935167924386,38.60684785721739
224.71534008691418,40.94360810546758,4.6104559142678285,7.43532162972647,4.921466612375137,36.59268715296951
-193.4343097626536,121.65229935508526,4.611525203132025,7.058700942725247,4.165944534543254,29.406156613321556
60.48222879017129,-220.45578135962282,4.612593714048394,7.887708564048886,5.972304997897668,47.107801279029395
104.36066092021977,203.495522812573,4.613661448712429,7.984879610120277,5.516755345425588,44.05062727171083
-214.49908204921044,-79.58912875399675,4.61472840881347,7.284411603065714,4.743280272355338,34.552005852537924
212.0130471358377,-86.24065281444693,4.615794596034743,7.987504925421162,4.621097533537007,36.91103930997843
-98.11704566787736,206.8881604755507,4.616860012053381,7.894176919480287,5.016652445378501,39.6023419473613
-67.42991062418638,-218.91903189039158,4.617924658540468,7.6725424942768585,4.551944806334688,34.924989958205735
197.6786993371805,115.9229206687415,4.618988537161053,7.142869099677105,4.637302585943842,33.123645346991
-224.15788286886064,48.07159436225682,4.620051649574196,7.3192221059069675,4.374278432169,32.01631539812341
132.86900351411208,-186.9387388718919,4.621113997432987,7.597103262739076,4.740547637464543,36.0144299237519
28.313298285088532,227.686709151539,4.622175582384584,7.6676649490254345,4.581568295325004,35.12993062962975
-174.74817444333516,-148.82391873888065,4.623236406070234,7.612938125338403,4.265320181670867,32.47161862781747
229.47567290273676,-8.305924898151758,4.624296470125312,7.923016719875177,4.538175809308123,35.956042814881314
-163.66368455911808,161.1981622618419,4.625355776179346,7.04631593507747,4.821310496178099,33.972476977176
11.79746825487191,-229.50823946803644,4.626414325856041,7.941078233283395,5.577342980410508,44.290116941293824
146.390437659791,177.27267661799436,4.627472120773323,7.6465226716666725,5.353250060179995,40.93374795226731
-227.78132569196987,-31.84284020083349,4.62852916254335,7.415535295194411,4.1389939473304835,30.692855703025238
189.54452908043748,-130.43655102106828,4.629585452772551,7.786609924329113,4.671714316617793,36.376817061406506
-51.676347570091345,224.30534515478993,4.630640993061653,7.580903244448294,4.862281544612622,36.86048593697489
-113.45702710524341,-200.3829660529902,4.63169578500571,7.654258945657803,4.520113854109347,34.59812190320824
219.1041498173943,71.14552599346194,4.632749830194127,7.722380380318031,4.52899376474971,34.97461259148585
-209.70255682990205,95.58045410500824,4.633803130210692,7.087868748165794,4.333657783702673,30.716397570351614
90.10046278586526,-212.21486835900595,4.634855686633605,7.896352681533159,4.814881570432394,38.020002999948424
76.94250932552637,217.42938904186846,4.635907501035498,7.6009658525417345,4.920771690625731,37.40261758860024
-203.68764228680536,-108.39495189213991,4.636958574983471,7.810885826743686,4.469665732930587,34.912048723629454
223.50165440565286,-57.68492887232567,4.638008910039117,7.557789387465438,4.170856392236079,31.52245417788422
-125.88762219274197,193.5852616842383,4.639058507758542,7.582040417902335,4.976052003555156,37.72862741253909
-37.95442917631512,-227.8701424363857,4.640107369692405,7.556060718568298,5.53322794480354,41.80940632061443
181.98270323911166,142.44303045793154,4.641155497385931,7.605723674436251,4.191635976975624,31.880424984702227
-230.4986381845893,17.901588566935974,4.642202892378949,7.869189936690499,4.598820938236727,36.188995447814015
157.93271049722622,-168.96657394786598,4.64324955620591,7.791055679545637,5.649642762502667,44.01668133220031
-2.320302575664947,231.3642207915937,4.644295490395918,7.8918010601586746,5.652401020998228,44.60762436995579
-154.63446462273617,-172.23617037447977,4.645340696472756,7.709177998840725,5.404776012104864,41.66638032118093
230.45746041440964,22.556414303785036,4.646385175954908,7.746785935372788,4.347554700605765,33.6795756079166
-185.24182994553527,139.09421802822337,4.647428930355588,7.009907891970947,4.016765246003707,28.157154398156006
42.65156324738288,-227.78251184852206,4.648471961182764,7.672018227783262,4.565824832936036,35.02909134315073
122.46311713697584,196.84789142213046,4.64951426993919,7.888638764628512,5.105137671135074,40.27258693128147
-223.35710396850936,-62.4514033292204,4.650555858122417,7.155939104787623,4.864170927041232,34.80771094918541
206.96313616924917,-104.86699961764917,4.651596727224833,7.852406658694587,4.722175720378335,37.08044407022474
-81.80361190863246,217.21242490581497,4.652636878733679,7.899600895687247,4.7081564830484535,37.19255717052528
-86.43930524374055,-215.5076414996341,4.653676314131076,7.857003243698479,5.8173388556653345,45.70685025865573
209.39290368426353,100.55906223368757,4.654715034894052,7.076371507008172,4.368759678682315,30.91496651119371
-222.41341183449728,67.3200634382619,4.655753042494562,7.076790135903133,4.646966675158916,32.885607928635196
118.57297317272304,-199.95588983085543,4.656790338399518,7.752206362865377,5.672560840098416,43.97486223835191
47.65482864031126,227.6249192490073,4.6578269240708075,7.645005871437393,4.650900859681977,35.556164379741936
-188.97123326586475,-135.7060273570231,4.658862800965322,7.014068431113896,4.441566350333938,31.153450322575033
231.09954910996407,-27.593571592414133,4.659897970534976,7.78230148382482,4.858128723819839,37.80742237599512
-151.8254490956233,176.52076754623224,4.660932434226736,7.660395098714449,5.721302328877707,43.82743631839835
-7.289534998674343,-232.80794723595366,4.661966193482643,7.974176692866516,5.542803399843823,44.1992936841759
162.6977002837443,166.8060337192143,4.662999249739832,7.951516798764089,5.485720957305354,43.61980234534574
-232.73426576169948,-13.101937709498012,4.6640316044305585,7.819399755948009,4.667570140796831,36.49759681981695
180.53112037069883,-147.60591527873737,4.665063258982224,7.477784340983575,4.6182101187881806,34.533979309646156
-33.42459154332594,230.87630566255444,4.6660942148173925,7.905662434907144,5.725383571305748,45.26294982510636
-131.35919159548715,-192.89350068245818,4.66712447335382,7.790367625732957,5.305075481528067,41.32848828336593
227.24555468618956,53.52245795406173,4.6681540360044735,7.774424279025333,4.42598544400468,34.409488694482704
-203.79625626164608,114.08034545171715,4.669182904177553,7.615860670737186,4.824897407517514,36.74574640625445
73.24105246797419,-221.86712024047065,4.670211079276519,7.9508725508535845,5.3168514042945745,42.27360788737307
95.90030139675468,213.15351844123722,4.671238562700107,7.767796720505164,4.770088500698345,37.053077812244
-214.77955759312184,-92.4285627579373,4.672265355842357,7.870354590902248,4.993980966554874,39.3044010270036
220.89114434207096,-76.95709980608511,4.673291460092631,7.815083471656201,4.5375658125449805,35.461455583172516
-110.93701801023023,206.03459454385884,4.67431687683564,7.505986196677089,5.1052530322082506,38.31995879029898
-57.394848220074586,-226.94730392530403,4.675341607451456,7.901578981260829,4.746997545787622,37.50877603189221
195.69675452703805,128.62343057512484,4.676365653315546,7.163216831635137,4.139050074806363,29.648913162833612
-231.27297339071376,37.362624497525495,4.677389015798784,7.473094424775575,4.438930681508125,33.172548127943614
145.35090108927864,-183.84288088637052,4.678411696267478,7.806950983781773,4.991009001252127,38.96456263238898
17.013340137005734,233.8323309890335,4.679433696083388,7.70966174580015,5.293149253651395,40.80839031568677
-170.56156582684358,-160.9896785254335,4.680455016603748,7.458919142172613,4.893057074335482,36.49691707550405
234.60305206053428,3.4974275624754587,4.681475659181286,7.390680169390654,4.743912899513608,35.060742991751745
-175.41816695848962,155.9524882867739,4.682495625164253,7.105243168102958,4.746344419415149,33.723931259513094
24.012625577432395,-233.57650088170783,4.683514915896429,7.735739199417481,5.595470233361652,43.285098423389414
140.12566567917867,188.52387123420917,4.684533532717157,7.957984644394868,5.5632258830767345,44.272066150824735
-230.7578176912804,-44.37492836428407,4.685551476961354,7.492469197372673,4.527448203507618,33.92176620748107
200.20427418464746,-123.20062512090908,4.686568749959541,7.071253207414463,4.1313842434085615,29.214064082264365
-64.42794496946156,226.16590006984967,4.6875853530378535,7.999489674402214,4.5557780547625715,36.443899507941396
-105.30550039505164,-210.36763854947648,4.6886012875180665,7.899443490597325,5.744390542848911,45.37748848115666
219.8332786580357,84.01742077881488,4.6896165547176185,7.67373429704072,4.963141051487234,38.08582570784833
-218.93372733077913,86.57606147207542,4.690631155949621,7.294428319756617,4.090072292158495,29.834739157772784
102.9924246673232,-211.805888009944,4.69164509252289,7.591902126418861,4.840201836149992,36.746338612163605
67.15468394356421,225.83443692636266,4.692658365741955,7.678116871266219,4.933148539678577,37.877291030968394
-202.14273418571898,-121.20651240860508,4.693670976907088,7.504598220494543,4.807258337746043,36.07654236690651
231.01433804848529,-47.18926619498017,4.694682927314316,7.385266978253584,4.610173490828668,34.04736204583701
-138.5188573725813,190.9154614828334,4.695694218255445,7.940930568140392,5.100004740533914,40.49878354176667
-26.832102557099812,-234.4311201360829,4.696704851018076,7.7009728206471,5.258569690548862,40.49610226239542
178.20782148409984,154.79533977806003,4.697714826885626,7.7830190268214725,4.509631942044789,35.09855120889646
-236.05593570384883,6.238721025799758,4.698724147137344,7.4364098294433045,4.108421907726238,30.55190905811561
169.9095860716767,-164.11504835629697,4.699732813048337,7.69643019050237,4.351982936139587,33.494732858255865
-14.433305574119677,235.87364183499292,4.70074082588958,7.747858182956205,4.751964285312198,36.817545373071745
-148.74314505839266,-183.74395037700197,4.701748186927942,7.956852830581235,5.161908128076567,41.072543300086316
233.88293681100552,35.025565890151334,4.702754897426196,7.424915654145733,4.196981282510313,31.162232024667457
-196.19043038934592,132.20808581075045,4.70376095864305,7.409647381557457,4.558757236741141,33.77878362237511
55.38002456803974,-230.09639067423055,4.704766371833155,7.550963161923355,5.1056655036016165,38.55269213479866
114.63494082735635,207.1515105852628,4.705771138247123,7.759449669200008,5.5825938042854855,43.31785564794102
-224.5403693324552,-75.34023568657284,4.706775259131554,7.172501385619844,4.049432230537845,29.04455828450635
216.54092616348595,-96.15692991936685,4.707778735729046,7.425607818161987,4.25520907710833,31.597513790889472
-94.75254577970578,217.25485263204592,4.708781569278216,7.651396987229993,5.417462505123409,41.4511562901327
-76.91441213440149,-224.28434173351556,4.709783761013717,7.710048922464808,5.036886847538851,38.83464401144408
208.29314764146622,113.46727719098246,4.710785312166257,7.565475914710064,4.965590566842291,37.56705583575685
-230.31993941438134,57.05381909789489,4.711786223962615,7.356163210451135,4.549224316336259,33.46483655192251
131.3398826428649,-197.72149919394155,4.71278649762566,7.855132987374869,4.689795802490607,36.83896971219616
36.72654016651414,234.5989116943632,4.713786134374367,7.587316446091512,4.741622753916948,35.976192301955784
-185.61860053038532,-148.2320621115001,4.7147851354238375,7.485192454423538,4.996228197953452,37.397729607899294
237.08585512743727,-16.08776788564642,4.715783501985309,7.113358531634158,4.796520239839154,34.119368170215765
-164.01283337414787,172.07500765534883,4.716781235266183,7.991798158422934,4.52665468810197,36.17611060018986
4.704687439757432,-237.7590616984017,4.717778336470033,7.745216830270117,5.934932153319456,45.967336400401116
157.19246176375697,178.55954793993482,4.718774806796628,7.84145437413633,5.2327083117695325,41.03204347990473
-236.61070547026094,-25.4916050016661,4.719770647441942,7.478130891075662,4.442220181118533,33.21950396138223
191.75884448224184,-141.08312480875782,4.72076585959818,7.173715742099377,4.801756342825505,34.44643506625286
-46.11357333269679,233.64692292852845,4.7217604444537855,7.967105755395754,5.266140427030714,41.955897704918655
-123.86873395564132,-203.5075323598345,4.722754403193464,7.659607675886051,5.363252450010819,41.08040963381754
228.88778625152383,66.41221338700053,4.723747736998193,7.749580298636729,4.517998565909936,35.01259267564463
-213.71339834028504,105.67968129821509,4.724740447045247,7.830624206896712,4.5857779040778865,35.909503463124366
86.23139546990778,-222.3671695572399,4.7257325345082055,7.720672296525217,5.517288705607468,42.597178061315056
86.65402579735905,222.2959302193552,4.726724000556974,7.594814625265132,5.711565396110984,43.378280403541936
-214.13250899963867,-105.41844066172837,4.727714846357797,7.097131902022506,4.929775811716148,34.987269183149564
229.18695165941446,-66.93644493215402,4.728705073073279,7.466523230243315,4.894829815807573,36.54736052781485
-123.82529748683088,204.24445840398175,4.729694681862391,7.663647940022484,5.3899266979636895,41.30650063572162
-46.67713402784642,-234.33116324390105,4.730683673880499,7.917000699870595,5.369220725145788,42.50812423873891
192.77644293571822,141.30968475608393,4.73167205027937,7.7893001057355296,4.2282351308686,32.93499235194947
-237.68658545816726,26.030661638242652,4.732659812207188,7.79854608064687,4.39751224219808,34.29420186099046
157.73619175766854,-179.81411408434582,4.733646960808578,7.784979857623432,5.470890137005801,42.59076951986086
5.154789709663414,239.22490005435958,4.734633497224612,7.6145388045288485,5.519775239525936,42.03054275364776
-165.4547100064468,-172.97732728636444,4.73561942259283,7.761367419326605,4.545469197420519,35.27905653441227
238.93168703357478,15.790732463446853,4.736604738047252,7.911813624929802,4.66227179445954,36.88702550653091
-186.9145093823488,149.80632600488403,4.737589444718394,7.812086015470763,4.620731969242462,36.09755559815772
36.64539126703665,-236.8065552764759,4.738573543733288,7.7368216376698875,5.242113412086253,40.557296473748444
132.9871006182531,199.4389880944857,4.739557036215487,7.6038757627053695,5.116770574101156,38.907287751731815
-232.8631656677499,-57.249139412330024,4.740539923285091,7.281702329812863,4.536232820988483,33.031497101165414
210.452694086706,-115.12432345070806,4.741522206058755,7.791978240174135,4.9280987118220665,38.39963792794773
-77.44362475755874,227.12914638400414,4.742503885649702,7.8055121544354185,4.905433472402992,38.289420591615894
-96.35347148211578,-219.8690064655892,4.743484963167747,7.791321236350782,4.952287907579402,38.58486594284658
219.6459008426076,97.07340786770733,4.744465439719303,7.873194895309798,4.495259282083923,35.39205243279713
-227.61343381844299,76.81718115739645,4.745445316407396,7.445839707335834,4.949789112654921,36.85533631794461
115.98715894664609,-210.46830963422977,4.746424594331689,7.8698522523114,5.639476551386682,44.38184723978781
56.66416405750147,233.62420310939845,4.747403274588482,7.915804201271936,4.6072569183221255,36.47014367039347
-199.66432857806515,-134.03882492130867,4.748381358270736,7.308484805186195,4.929578758638938,36.0277514534813
237.85275178131454,-36.048074398825904,4.749358846468088,7.8858071485094445,4.747956465534638,37.44146903672468
-151.08875767390467,187.31448583967003,4.750335740266856,7.626866060588308,5.126606275091091,39.09993940549129
-15.126336989446763,-240.2641191482826,4.751312040750065,7.748961739148256,5.392540678344147,41.78659139328938
173.51128183080064,167.0047947039804,4.7522877489974515,7.624894573484895,4.6956143403033925,35.80356430255719
-240.83723393162813,-5.941055413595989,4.753262866085484,7.153760573130502,4.114430158301802,29.433648247358526
181.66328385535067,-158.3584963626105,4.754237393087369,7.200922327185363,4.760332552480247,34.2787849619823
-26.992766154220856,239.56509558566438,4.755211331073075,7.776336319189696,5.126476452268786,39.8652050252485
-141.97040824221656,-194.95004416089878,4.756184681109337,7.884756152131241,4.827717299448187,38.06537367757451
236.45484787199373,47.86735076542013,4.757157444259679,7.892117646437997,4.4042246653740635,34.75865920047613
-206.76125533785876,124.47093318241652,4.758129621584416,7.924149824753217,4.3135970302298565,34.18158915115191
68.40449562104996,-231.52774396666084,4.75910121414068,7.563701660728712,5.898470730161436,44.61427285748175
105.99268652994735,217.0042690038497,4.760072222982423,7.6602948229588925,4.797009387328445,36.7465061754373
-224.81900321661038,-88.44624964391816,4.761042649160436,7.1107390797528245,4.923688014483666,35.011060781099594
225.59833527557626,-86.67597790417747,4.762012493722365,7.533381899320509,4.0727509790474565,30.68158850599599
-107.83823960293957,216.377560494302,4.762981757712714,7.895671078020354,5.210727519834601,41.142190573802786
-66.66774537094537,-232.4752390532641,4.763950442172868,7.621691167470247,5.850368083459178,44.58969874815065
206.26570992559198,126.43085964507083,4.764918548141102,7.929166403372877,4.3667635584441005,34.62479489908795
-237.57984097971237,46.12043725122563,4.7658860766525954,7.349927426198966,4.757708855099014,34.968814799961926
144.08042589270724,-194.55864557974297,4.766853028739443,7.959789954855377,5.463480892603203,43.48816032748726
25.19085007769316,240.870518788095,4.767819405430668,7.682353018483837,5.994545666515821,46.05221599559702
-181.34390250540145,-160.65028719289674,4.768785207752236,7.432743849891603,4.6857523218958885,34.827996752686964
242.31950551182192,-4.038931560803966,4.769750436727067,7.64992682622569,4.16661837881192,31.874325710718303
-176.01188342923462,166.72070226645056,4.770715093375051,7.907224831760909,4.794074964114247,37.907828601567466
17.173442293048783,-241.91312181708082,4.771679178713055,7.517465458961624,5.762639286585791,43.32044178936393
150.79920787085115,190.04574319824607,4.772642693754937,7.763417502040706,4.51057819577349,35.0175017093911
-239.6519005281119,-38.28370655766345,4.773605639511565,7.473803297292056,4.341590015514702,32.44818977344404
202.64241310652415,-133.6996936882039,4.77456801699082,7.770163307214868,4.003575781632759,31.108437636096948
-59.129853764297486,235.55060224063303,4.775529827197616,7.9522864558938,5.9981828572645846,47.69926829579953
-115.55163661235234,-213.70331145946818,4.776491071133902,7.718735102677181,5.799518354708805,44.76494590311147
229.63812175380326,79.55167772016657,4.777451749798688,7.8629880245638235,4.206050795328083,33.07212703437186
-223.1414996832804,96.49273533876354,4.778411864188049,7.676322249684695,4.964860289453796,38.111867506510166
99.39200521486228,-221.957285889293,4.7793714152951345,7.6782050358733285,4.94502301210089,37.96890059402255
76.66786518789579,230.88236544462438,4.780330404110188,7.919702489781471,4.872126589014342,38.58579307754739
-212.56454410097302,-118.49790614137343,4.781288831620551,7.619180708394929,4.2791104401936915,32.60331571501511
236.86421210230307,-56.22797641090428,4.782246698810683,7.6186117271322225,4.608235698515305,35.10835853409805
-136.72187271128152,201.52955410403104,4.7832040066621655,7.589397821815508,5.957771378747892,45.215897124744025
-35.32894435888909,-241.0387498373999,4.784160756153723,7.548511340822644,5.625952494767025,42.46756620967834
188.93466556160772,153.9229586683977,4.785116948261221,7.125827769188782,4.412982185568871,31.446151002862063
-243.37148455712082,14.1303802779556,4.786072583957692,7.042993538912744,4.1093310489437105,28.94199202696408
169.96786969998453,-174.87430565408368,4.787027664213339,7.591172613317497,4.548189761382179,34.52609355677544
-7.2055881933779355,243.84200144737855,4.787982189995546,7.653455613021184,5.79635407697185,44.36213864545843
-159.45427111485984,-184.73199660759047,4.788936162268898,7.6475281524560215,4.932313632882185,37.72000736420914
242.44414085401894,28.515557502932655,4.7898895819951814,7.7024287493826895,4.598556905997254,35.420056918425566
-198.10038322771968,142.79093204098913,4.790842450133403,7.351640548446458,4.903188556200209,36.0464798064401
49.63610014460985,-239.1860649963505,4.7917947676397965,7.735220370898977,5.4459139219612425,42.125344307316944
125.01035347172876,209.96862158286123,4.79274653546784,7.516581281319371,4.504412966998562,33.85778619107364
-234.09021485300067,-70.40501850298091,4.793697754568257,7.580536716208716,4.5513076226477445,34.50135454024183
220.24366729212355,-106.24734136766737,4.794648425889038,7.534495214145777,4.128856938762311,31.10885284499722
-90.66259095920208,227.1931574026742,4.795598550375448,7.598916758048784,4.661682911220518,35.42374039478323
-86.64442021257302,-228.84456887372843,4.7965481289700325,7.891451002118323,5.158735425027342,40.709907839495315
218.54532424465975,110.25280068123479,4.797497162612634,7.34855779043032,4.525953587820495,33.259231496904356
-235.70310522434295,66.35074999490423,4.798445652240403,7.20772032513889,4.457168419046678,32.12602340652991
129.02453764148953,-208.21064345945862,4.799393598787804,7.921879087182277,5.86719723107329,46.47922704521326
45.52099080184871,240.7643262577285,4.800341003186633,7.543549350142512,4.718978300370328,35.5978456910952
-196.26606739225127,-146.83276459795323,4.801287866366021,7.016510480122064,4.4117143280235585,30.954839817881968
243.98699242215363,-24.314123672067048,4.802234189252449,7.046757989869573,4.58990758619293,32.343967955767994
-163.53963803922204,182.80099984474995,4.80317997276976,7.6249301456943,4.9075374890112915,37.41963054108711
-2.8922367007624397,-245.34390958684884,4.804125217839165,7.807495036090882,5.806619971369549,45.33515660293393
167.91662693810525,179.01557542770493,4.8050699253792555,7.869915001173265,4.71588492453338,37.113613511392096
-244.82215658659018,-18.580714330482664,4.806014096306016,7.391012978545054,4.544440724456512,33.58802037468677
193.14026047611483,-151.72515665494015,4.8069577315328305,7.854413246686132,4.192406663834019,32.92889443591313
-39.940161318699914,242.42320353419436,4.807900831970494,7.9313901229727195,5.408987814275411,42.900792525423796
-134.348972776507,-205.803578657233,4.8088433985272285,7.957554188292887,4.606938869264386,36.659965694324114
238.1629198469993,61.02218558354165,4.809785432108683,7.341259992344729,4.387584167493272,32.21039611186351
-216.9064756723279,115.91970959591323,4.810726933617949,7.519142528217119,4.960106528626005,37.29574794387918
81.66477631275336,-232.0714717789024,4.811667903955575,7.855064608543861,5.133447178367533,40.32355925062415
96.5772544051713,226.36173218557747,4.8126083440195675,7.699723288407025,5.772314184535045,44.44522195466669
-224.1931100977337,-101.70907604408961,4.813548254705408,7.976681464559751,4.112394282178643,32.803259245615884
234.09464876598344,-76.46868531770131,4.814487636906058,7.982383252564335,4.481943241792633,35.77658867222942
-121.00060360542976,214.58584939215,4.815426491511976,7.755148763249185,5.669197333586149,43.9654686901762
-55.74715249444418,-240.04363565977636,4.816364819411119,7.820100673153793,5.228737390674288,40.88925278855641
203.3210413263532,139.39044509531573,4.817302621488954,7.7993193941855665,4.02756719738816,31.412282953975087
-244.1607027400117,34.570711286963906,4.818239898628477,7.323043823817755,4.3511655986705176,31.863776363752418
156.73640371914644,-190.48284497833512,4.819176651710208,7.92806938761064,5.64029511953976,44.71665107431287
13.101116191332238,246.41184574045232,4.8201128816122125,7.57319888607436,5.248856767301033,39.750636223288055
-176.16759819173723,-172.90409960012937,4.821048589210104,7.820551374033623,4.958399419661857,38.77741739444406
246.77732567211655,8.497415180815128,4.82198377537706,7.137511315589807,4.398803445916478,31.396509370284296
-187.76801105656563,160.4830946366479,4.822918440983823,7.121291769213943,4.298440971984289,30.610452314243695
30.059458665368183,-245.25183913701446,4.82385258689872,7.557671688329556,5.841467039141078,44.1478900600268
143.5477720048287,201.21244927535585,4.824786213987663,7.916460646191338,4.643261103915645,36.75819379913915
-241.8445780883527,-51.41965102426106,4.825719323114161,7.979367791136604,4.147134110580208,33.09150834748766
213.13245881248147,-125.48981745430586,4.826651915139334,7.022961779141336,4.246733857096698,29.824649564575576
-72.4139586243249,236.57917843347357,4.827583990921916,7.746248167266049,4.666743104596984,36.14975022108585
-106.44619706163996,-223.4346369108691,4.828515551318269,7.866311041681724,5.815587015130693,45.74721635098343
229.49355772851604,92.88093757949603,4.829446597182389,7.858990887958988,4.208176236205461,33.07201869526427
-232.0378652402633,86.56161663248619,4.830377129365914,7.8277311785599935,4.780868693696622,37.42335493425043
112.66297567227238,-220.6396430656999,4.831307148718137,7.741341774889438,5.985761688094724,46.33782701058041
65.98742175766995,238.87394832786225,4.832236656086016,7.563125901405232,5.719157913653446,43.254711350979086
-210.08299109869458,-131.60750649763062,4.833165652314175,7.2317657589061275,4.047829214524,29.272952711494547
243.8881536574817,-44.88044547872962,4.834094138244923,7.059228425767559,4.078169453199268,28.78872972912122
-149.56818647349917,197.90230298224162,4.835022114718255,7.6498928512128614,4.638544391634289,35.48436758159666
-23.401812339982285,-247.0396491635043,4.835949582571866,7.972853102533838,5.341079964603329,42.583645966668975
184.18883781265788,166.40602563488034,4.836876542641154,7.014003510820404,4.352863810753034,30.531002050744863
-248.30183462815563,1.7157079503946597,4.837802995759239,7.114280073018133,4.163357100398817,29.619288456225856
181.99046347182474,-169.04572893979903,4.83872894275696,7.527942060338625,4.94106526486376,37.19605303024611
-20.011876544856534,247.66256430075026,4.839654384462892,7.597225709100563,5.058902655684978,38.43362531560703
-152.58720827245793,-196.20038148213126,4.840579321703348,7.647227677403885,4.544128575501021,34.74998581225329
245.12425888928684,41.61441547848541,4.841503755302398,7.1934113631499015,4.188221939030785,30.127603287617763
-208.92504458481596,134.93774441219142,4.842427686081864,7.932979704291221,4.810269543825326,38.1597706633365
62.92612542494654,-240.70390592177853,4.843351114861338,7.634434341717263,4.683214521253273,35.75369377068496
116.2311011197895,220.06496407643155,4.8442740424581885,7.703068041496038,5.038262258483465,38.81007698799963
-234.43294833053244,-83.7832379213549,4.845196469687569,7.255048609393623,4.936628546742359,35.815480073136015
229.5326754056821,-96.60932323792896,4.846118397362423,7.0917873328923315,4.470442317310174,31.70342619832613
-104.02525837202253,226.35706197034605,4.847039826293496,7.989992266382931,5.923456449108393,47.32837121863216
-76.22165776173026,-237.253424685994,4.847960757289346,7.760657738846008,4.865828784044132,37.762031808791754
216.53582363597363,123.49620145445928,4.8488811911563445,7.368648816986441,4.330061241055508,31.906700641382507
-243.16575856058384,55.223418253266864,4.84980112869869,7.413741663138109,4.633120069298337,34.3487552880784
142.04579351649315,-205.0422719857368,4.8507205707184164,7.615796316239665,5.302342045523101,40.38155701773753
33.77480124493564,247.22201276768178,4.851639518015399,7.644666179206523,5.516395509894877,42.17100218562009
-191.96236460458917,-159.53063269165997,4.8525579713873634,7.4175141403219556,4.29700343068275,31.87308370810125
249.38869552660736,-12.0396636542062,4.853475931629894,7.086967078850714,4.07092591977726,28.8505179739015
-175.81529777509698,177.39433524080283,4.854393399536442,7.832534703729941,4.701229638131419,36.822544290868095
9.81572945623738,-249.6467626675456,4.855310375898331,7.6497679158467555,5.530721518971923,42.30873602731465
161.4479560221975,190.773397283399,4.85622686150477,7.538841843641097,5.328372726441087,40.169759268610065
-247.9917822551489,-31.62397719950509,4.857142857142858,7.644820878376425,5.894044919614386,45.058917659556556
204.2885505703441,-144.24371019342306,4.858058363597588,7.863075124804246,5.6447673627141715,44.38522983506467
-53.21782552688041,244.43398730163344,4.858973381651866,7.971773387386992,5.74504778731607,45.798219060192764
-125.91188160979057,-216.25529338171427,4.8598879120865055,7.952082714708949,5.6871805655509,45.22493027074598
238.99821602242622,74.43145040005491,4.860801955680246,7.877341370803601,5.714650567071825,45.01625333168114
-226.57990080289716,106.59156787012903,4.861715513209756,7.606811930421018,5.397642276700968,41.05884966655379
95.1017316253499,-231.7237399500952,4.862628585449638,7.85773665841064,5.924384944012547,46.55225675310346
86.42962456608076,235.1811211782385,4.863541173172442,7.925926242909869,5.858568654499657,46.434583044587995
-222.66398108362174,-115.06950756130828,4.864453277148671,7.872504430359256,5.097420428103846,40.129464903651304
241.99081525649723,-65.57954866351817,4.865364898146787,7.916056286408539,5.831296932171124,46.16087473782805
-134.18080104553434,211.8861201034524,4.866276036933217,7.971064565509372,5.527545800298068,44.06042446298607
-44.200309509149335,-246.9544955371028,4.867186694272368,7.856196867458991,5.849806287531119,45.95722983134388
199.4705985216153,152.2880070954573,4.8680968709266255,7.680105604348852,5.372302247985568,41.2598486030099
-250.03176155175626,22.455136368148455,4.869006567656368,7.896801657191745,5.241139790917295,41.38824138648929
169.251033219285,-185.51051845405527,4.869915785219968,7.890147118963806,5.6688140953245405,44.72777720216634
0.5102717435399218,251.19662760946113,4.870824524373807,7.927884651653374,5.571174378210152,44.167627844696796
-170.11094449291627,-184.93838352572502,4.871732785872275,7.860092726593038,5.7751373434535695,45.39311502835524
250.4377403542668,21.46629999764559,4.872640570467784,7.784839272620475,5.20675379665512,40.53374143906654
-199.22817824146205,153.38811291367742,4.873547878910772,7.983660890533689,5.7664995670200145,46.03777706849714
43.30613896493633,-247.7584843275812,4.874454711949708,7.914512397542239,5.764423380354671,45.622600308499386
135.46855416996993,212.00910073075062,4.875361070331109,7.946851814327685,5.869538836488218,46.6443553520132
-243.176974584417,-64.84164119814754,4.876266954799531,7.812438393267224,5.076775544941379,39.66199618130016
223.1812646581596,-116.4881353020066,4.877172366097595,7.882713118136193,5.52757466590359,43.57228533039551
-85.90732532916816,236.72593627880678,4.878077304965977,7.975425873543462,5.683890691803881,45.33144888580552
-96.59102950761451,-232.65699453936952,4.878981772143429,7.831455179097451,5.578934128815966,43.691172576959325
228.45247200121904,106.34110457115018,4.879885768366773,7.918834530398396,5.213884295302222,41.28788699514114
-240.36151358140657,75.92862069303246,4.88078929437092,7.797861204657061,5.319212776903155,41.47848295232927
125.98553425479349,-218.4177185134666,4.881692350888869,7.832129353607272,5.685717823575722,44.53127746235546
54.65835132948163,246.23353341782052,4.882594938651719,7.920982319696169,5.831012546453813,46.18734728638719
-206.69639537768998,-144.68902530698998,4.88349705838867,7.720188808566021,5.5664408097056715,42.9739740426349
250.22574109072963,-32.94252238706255,4.8843987108270355,7.842919022085907,5.10676759185787,40.05196468755393
-162.30701431662965,193.37624880896834,4.885299896692247,7.874056380053421,5.825769373916126,45.872436507404096
-10.94705449627339,-252.30517941468025,4.886200616707863,7.915484640726828,5.855480333884702,46.348964646942356
178.55739488954464,178.70308115404976,4.887100871595569,7.800374780208247,5.514265088236046,43.01333432565926
-252.45351767093828,-11.159780203606994,4.888000662075193,7.955986535435602,5.338917079013891,42.47635239444169
193.7500055020458,-162.35156706030196,4.888899988864706,7.831261833971274,5.990295297383092,46.91157093661381
-33.20864583333105,250.6672104189239,4.889798852680233,7.856628057554599,5.59336254190413,43.944969082798906
-144.88127354599496,-207.3307541146384,4.890697254236057,7.901032389332254,5.621538221794008,44.415955568263705
246.95754306762402,55.03044030121052,4.8915951942446245,7.9224599849013515,5.608672080717305,44.43448012791625
-219.33939114146412,126.27887106908082,4.892492673416556,7.793989045003764,5.459871626926263,42.55417964739017
76.45759264383834,-241.35056371740401,4.893389692460649,7.957322067048325,5.589626561806079,44.47845878681897
106.68556185739556,229.68190443680308,4.8942862520838855,7.845889498423443,5.948368252912533,46.670240008281844
-233.88690165505272,-97.32535022369719,4.8951823529914416,7.960864039106818,5.9093919412799805,47.043865798323424
238.2769414084796,-86.25032154833325,4.896077995886689,7.622392152774564,5.993927260667663,45.68806411601473
-117.47304589299335,224.6214737554293,4.896973181471202,7.907387258517356,5.578069236576479,44.10795360843248
-65.12876613195037,-245.0564486483552,4.897867910444769,7.863468025861904,5.627139459880809,44.248831219838564
213.62308090505616,136.745335374723,4.898762183505395,7.508142859719993,5.1739024356870225,38.8463986293914
-249.96621031766716,43.48196655332355,4.899656001349307,7.735831477306054,5.171868652506955,40.00870431855575
154.99339532866972,-200.9738974097848,4.9005493646709635,7.990494654358863,5.665442607724982,45.26968887160341
21.475220006790437,252.96628103148063,4.901442274163056,7.840150653349447,5.723514001129204,44.87321203540784
-186.76885717373003,-172.07607286017725,4.902334730516522,7.824085181896189,5.930970340618071,46.404417156295644
254.03130979115343,0.7232127018475386,4.903226734420545,7.702911573210963,5.6191385510425516,43.283727376301556
-187.86097759099755,171.11494123366197,4.904118286562564,7.5583120192020985,5.64190674521737,42.64329156359384
22.94339407720165,-253.15075234581394,4.905009387628281,7.851035643174664,5.791270352469007,45.467469956494874
154.13037199580697,202.22550784159293,4.905900038301661,7.923367453482083,5.602040543719502,44.38702571719417
-250.3289702170697,-45.015011294160466,4.906790239264948,7.544594442432073,5.0860151851839595,38.371921900264034
215.05780296975243,-135.94372024464207,4.907679991198657,7.62354054285942,5.614393360153326,42.80155540468961
-66.76868202687356,245.58521548897141,4.908569294781598,7.921131898523573,5.5918212459238825,44.29355364192949
-116.69293167017331,-226.25761446753825,4.909458150690865,7.895125652573945,5.536897599940639,43.71450227696645
238.95350134100457,88.03725473159732,4.910346559601852,7.735171372548743,5.867485528185255,45.38600608646263
-235.73708903320684,96.52428028611314,4.911234522188259,7.608128398201775,5.774128049550457,43.930307588638264
108.65709339859477,-230.48235917885728,4.9121220391220906,7.822659854940885,5.536428436396806,43.30959646915443
75.59125668144964,243.42145750219527,4.913009111073671,7.88055706882301,5.641129226847647,44.455240804778306
-220.2344840891779,-128.4693368954261,4.913895738711643,7.9343115546386604,5.647566583844236,44.80955280178651
249.24962423646912,-54.053399557683804,4.9147819227029785,7.5815868877874095,5.628762430864847,42.67495144031531
-147.32112320707432,208.28627120380062,4.91566766371298,7.9824513696396595,5.623914259006069,44.89262207953901
-32.075079449515506,-253.17465232905585,4.91655296240529,7.991220697969552,5.680619765051851,45.395086243777286
194.72724639935873,165.0667691361092,4.917437819441898,7.898684582586344,5.917813326339878,46.742940883384804
-255.16414077466982,9.824243904485185,4.9183222354831395,7.865538627738904,5.187730858044796,40.804297454264436
181.56889635660727,-179.65939557335247,4.919206211187708,7.9926119460068055,5.183690539841914,41.431226933142945
-12.528866295954046,255.20049058191876,4.920089747212662,7.856656785797274,5.927317145198881,46.56889647039931
-163.19639752130297,-196.69949511636912,4.920972844213422,7.855212462995892,5.6048582178140665,44.027352125898
253.28105765137317,34.813020057692164,4.921855502843786,7.98920821107832,5.757776401415508,46.00007450374176
-210.34091735011063,145.46276618554435,4.922737723755928,7.740797386713139,5.70502914074069,44.16147466376784
56.85730806261954,-249.41819111028306,4.923619507600408,7.9050466296731665,5.837473646801945,46.14550137745764
126.59290874871986,222.38679149823852,4.924500855026178,7.855943846934341,5.734365095176918,45.04885018553017
-243.6391566723187,-78.49245396746483,4.925381766680582,7.729133514762202,5.3776765208714785,41.56477982901754
232.74285191754018,-106.73010669869774,4.926262243209366,7.817495311558859,5.838192977535515,45.64004622985974
-99.55211465041003,235.9859454726565,4.927142285256686,7.8433148882236035,5.6021279317213635,43.93925341260347
-86.02542759134204,-241.3276764171581,4.928021893465105,7.9251939060242425,5.5928989070923185,44.324808335497686
226.51496970827026,119.87415951514099,4.928901068475608,7.6726960262693815,5.65164820803193,43.36337874763906
-248.0733261506659,64.63657577868574,4.929779810927602,7.559983643225439,5.393107503340911,40.77180451141367
139.30191901083347,-215.29664728365876,4.930658121458922,7.966338440604777,5.878037714902152,46.82643780354967
42.72669084833841,252.9258828376309,4.931536000705838,7.826961914323597,5.652857063418818,44.244696942494215
-202.4148785167508,-157.68539275114637,4.932413449303057,7.7603215323817345,5.192122202087979,40.29253772362061
255.84587907008085,-20.463102931670893,4.933290467883735,7.940115569783201,5.268924885983618,41.8358725232167
-174.8824079139586,187.96641879179973,4.934167057079472,7.804316338020872,5.83235849447271,45.517570687608185
1.9839456197860303,-256.8086182748345,4.935043217520329,7.93078573440902,5.892518985037051,46.73230550626616
172.06015184929402,190.75971897413757,4.935918949834825,7.8912888042545335,5.96820241291051,47.0968088825256
-255.8043817454855,-24.44260242091822,4.936794254649946,7.946114438355203,5.984154122269707,47.550773472310134
205.1940402613062,-154.8162691710663,4.937669132591147,7.797158527014984,5.40372559989919,42.13370513890313
-46.740721139071866,252.8385210215027,4.938543584282362,7.922745711207101,5.849531892181918,46.344353711353456
-136.36536164594403,-218.0730033400843,4.939417610346005,7.8385760057610705,5.578923961751857,43.7308195045536
247.9314347698253,68.70718139761577,4.940291211402977,7.5389094248821324,5.601413478919259,42.228548868886215
-229.296031777817,116.8474303818166,4.941164388072671,7.647171137984034,5.657443191758312,43.26343629079844
90.17320237389006,-241.11843020975897,4.942037140972976,7.968851256700032,5.666518585625421,45.15564375217522
96.41082415861663,238.77512649007988,4.942909470720288,7.937539398503459,5.509604787580162,43.73270507160082
-232.44947000813426,-110.97364000488817,4.943781377929501,7.987436697817661,5.336154946002699,42.622199840943175
246.4355555325375,-75.21111158854359,4.944652863214029,7.58692952115744,5.076049434783887,38.51162930761642
-130.94825782797096,221.98880645176334,4.9455239271858,7.88116205327954,5.561758029474699,43.833116331418786
-53.40989656043101,-252.21644293387646,4.946394570455265,7.92853666963798,5.659955998463155,44.87516868235257
209.81450557146388,149.94296167455252,4.947264793631403,7.855718889081464,5.284814309461607,41.51601559612556
-256.0712519330245,31.173585990493976,4.948134597321723,7.550966024410836,5.22393383423837,39.445746896104154
167.81098870065148,-196.01786473963583,4.949003982132274,7.881866264409112,5.786372948909921,45.607417739302576
8.672119278285559,257.9681587888454,4.949872948667645,7.887556495573992,5.938836075195887,46.84290506106047
-180.7027280850435,-184.41404157751467,4.950741497530972,7.8400849358716815,5.6822293074238415,44.54916039530224
257.8903141658287,13.922330828425267,4.951609629323945,7.91715080412264,5.984018229901923,47.376374740752546
-199.6233590756725,163.98470485773868,4.952477344646809,7.551113203762137,5.682571259076466,42.90973886573153
36.43667602539127,-255.8359899585983,4.953344644098371,7.91405384510719,5.524287069538593,43.71950532415783
145.99029662785466,213.32071475370918,4.954211528276003,7.963337259505423,5.52488641383082,43.99653383379426
-251.81861029476994,-58.698238811019635,4.955077997775652,7.957898157950206,5.142617128180753,40.92442337139279
225.39933600513504,-126.85593990850639,4.9559440531918355,7.711081854933031,5.685990333457195,43.84513688764639
-80.53607724618736,245.86666634308688,4.956809695117657,7.890241226807157,5.725687341875027,45.177054316670215
-106.7269714497638,-235.76473631894473,4.957674924144803,7.9804980377691885,5.69517817106997,45.45035821896981
238.0235154450542,101.78229794848805,4.95853974086355,7.936450204321106,5.722802372711008,45.418736060191584
-244.33545426717967,85.75652405253206,4.95940414586277,7.728559152614215,5.297722457778663,40.94376138907516
122.27334723315518,-228.34706597663052,4.960268139729935,7.9792383137059355,5.808050717259268,46.34382081110239
64.1043612934835,251.04369344110032,4.961131723051122,7.807631510164105,5.776225482701121,45.09864008855014
-216.90935022511462,-141.8512704689309,4.961994896411014,7.912069450242743,5.008543581173047,39.62794465880865
255.83585831102954,-41.93566003071401,4.962857660392908,7.901021202194905,5.914764122097388,46.7326767346732
-160.3649299495851,203.79598842839795,4.9637200155787236,7.849508958971762,5.592652022791556,43.89957215731387
-19.419749970791646,-258.67298177782936,4.964581962548997,7.999602342774028,5.966439619568162,47.72914435871725
189.10554796264128,177.67117188894815,4.965443501882896,7.936889863150853,5.877020912513447,46.64526770605355
-259.53104101026395,-3.271180081904147,4.966304634158217,7.878134490018791,5.554173591540886,43.756526535069796
193.6359335269207,-172.94880247367027,4.967165359951396,7.563882276732793,5.391519744542908,40.780820640403014
-25.963399405882317,258.40115901588894,4.968025679837508,7.826499968671695,5.558676835883068,43.504984081894904
-155.44789652075738,-208.1352817831418,4.968885594390272,7.889007736347294,5.906106083532357,46.59331658467458
255.28969026705843,48.482965894425504,4.96974510418206,7.988449701852539,5.199002188873984,41.531967485641076
-221.05637541045763,136.7354220329613,4.970604209783893,7.74093474508646,5.663960365416179,43.844347587442705
70.65705974576892,-250.21818959148413,4.9714629117654585,7.9340731892415866,5.973718392896135,47.395918941156566
116.9534135621847,232.29834317815704,4.9723212106951,7.845421525030397,5.540172693326543,43.46499010060969
-243.22326443169723,-92.31531008274945,4.97317910713983,7.951624905258266,5.015089953397721,39.87811417554784
241.77307125076203,-96.25226994826804,4.974036601665336,7.51254521349951,5.587429515356741,41.97581686135917
-113.29110431564175,234.3563114729095,4.974893694835978,7.991382096000635,5.676098729650852,45.35987376326377
-74.78961058486803,-249.4058936171649,4.975750387214798,7.887066527259884,5.992167051071772,47.26062017425774
223.68313952725953,133.4228701826733,4.976606679363522,7.82916801791171,5.32297594006103,41.674472990039334
-255.1361801618629,52.72907498609423,4.977462571842568,7.955273578420693,5.284584683866248,42.04031690848783
152.55532060088038,-211.2834814374401,4.978318065211042,7.825861326946583,5.959699461028672,46.63978153228868
30.23907479890973,258.91781774934265,4.979173160026752,7.908660711130787,5.530596847103677,43.73961399379266
-197.25039861750133,-170.5406517341001,4.980027856846208,7.811889996546396,5.739108009931967,44.83328045188683
260.7195805083942,-7.491507781647987,4.980882156224622,7.58006710926916,5.554825771002878,42.105952124499616
-187.2396850329695,181.6895826766247,4.98173605871592,7.93753610666922,5.665934924853118,44.97356304405977
15.339556428305805,-260.5253863490415,4.982589564872743,7.8866069094167095,5.7794673092971856,45.580386814251185
164.71855936647512,202.52294442123295,4.9834426752464465,7.900809488751599,5.912051859927169,46.70999543290412
-258.33443761442965,-38.07920870697413,4.984295390387114,7.70534838250634,5.6037614841804375,43.17893448808106
216.27166029030477,-146.46580084823233,4.985147710843551,7.787890886222043,5.829543123099151,45.39984575922226
-60.55304079493353,254.161244656734,4.985999637163297,7.99878804035275,5.7014560107329295,45.60473815124786
-127.06975298572294,-228.37869251622882,4.986851169892628,7.877642624743217,5.867483246060584,46.22193611913355
248.03553202318918,82.58848333306243,4.987702309576555,7.7561535017931105,5.3983509641738054,41.870438734684875
-238.7493653257505,106.67778503072573,4.988553056758836,7.641578715753699,5.539760151855682,42.33251326680086
104.01613131494847,-240.00202783877722,4.989403411981975,7.84423107249832,5.718827860119293,44.859807198616835
85.4450696703801,247.30220750654064,4.990253375787228,7.833691642234855,5.6854645945858655,44.53817647682947
-230.12013786907764,-124.67104677297161,4.991102948714606,7.942953866276826,5.0747521886553955,40.30852251727716
253.9695921756098,-63.53340194999345,4.991952131302878,7.668980165127114,5.547125065286841,42.540792099164236
-144.3940286782889,218.4635066333601,4.992800924089579,7.840138373708719,5.70885682731083,44.75822748180865
-41.10996606318012,-258.6982710841694,4.99364932761101,7.852982432121809,5.845647446893384,45.90576670483145
205.119468807391,163.03284027524347,4.994497342402246,7.654400811746024,5.25285051185962,40.20742322195879
-261.44979924081184,18.34605941142274,4.995344968997131,7.7082353017100065,5.2330150628725445,40.337311442014354
180.4433843863423,-190.18839500091693,4.996192207928296,7.871113152794277,5.645804984936593,44.438769875045914
-4.584216326394619,262.2008464717712,4.997039059727148,7.8378015481193115,5.509822088397528,43.184892094304125
-173.78293680988733,-196.4908176125605,4.997885524923884,7.909285241240208,5.8559504703851175,46.31638262885066
260.9433934008062,27.50528710985558,4.998731604047497,7.591914111656965,5.84299412734309,44.35950956970478
-211.05059481242725,156.02717682186764,4.999577297625766,7.553862108062455,5.861442861266693,44.276531128295645
50.24145124606874,-257.68481021531016,5.000422606185273,7.977470783232669,5.6360899696095705,44.96174306423105
137.05568998878059,224.00943576868923,5.001267530251402,7.9523557070366255,5.871097957699253,46.68905935048073
-252.44781748283586,-72.61822659012657,5.002112070348344,7.8295363690325654,5.535272888300121,43.33862039146573
235.2662065393769,-117.01252346838835,5.0029562269991,7.84127294207018,5.95998376969449,46.733859468482834
-94.46368990454926,245.27032918646347,5.003800000725481,7.989619790502892,5.870293758404466,46.90141518821392
-96.05010266946366,-244.73270863635935,5.004643392048121,7.924015249637897,5.6171432789358295,44.51032900168853
236.2051790513782,115.6097980939316,5.005486401486472,7.976326768768416,5.389314895454382,42.98693666593515
-252.3343698740896,74.32807181047943,5.0063290295588105,7.658094903891095,5.060263770219061,38.751980191059324
135.8936811586264,-225.31973213175053,5.007171276782246,7.956031254633395,5.761253184751644,45.83671040374026
52.012077813384636,258.01083147887863,5.008013143672715,7.977953016080843,5.635220099670111,44.95752119044255
-212.69538450961147,-155.15889691699846,5.0088546307449935,7.81092571751976,5.349513721389811,41.78465430262851
261.71642683902763,-29.272506798639537,5.009695738512697,7.787335382938496,5.155278447057797,40.14588225967341
-173.25663782808027,198.42695481911005,5.010536467488283,7.819528743367325,5.547203354862296,43.376516078649374
-6.2831828216665135,-263.4205481024635,5.011376818183058,7.951988446558262,5.924193256197229,47.10911632845873
182.62197214368933,190.0468806032682,5.012216791107178,7.966571201754306,5.561057533797714,44.302560800051694
-263.1078976848643,-16.77996120871694,5.013056386769653,7.506573689770286,5.894884118591675,44.25038202886497
205.39946972435968,-165.39986563388635,5.0138956056783535,7.562830312817298,5.622955452623389,42.525457944721474
-39.74023026486239,260.7786226310909,5.014734448340008,7.956036096880074,5.8575823394797455,46.603136533348085
-146.89106195347165,-219.19512648253976,5.015572915260211,7.859688260366579,5.807169570614364,45.642542500115745
256.44833066932244,62.42152127614202,5.016411006943429,7.959580662349124,5.837742266668404,46.46598045755197
-231.32637571513018,127.2359973756183,5.017248723892996,7.613901102828475,5.531205476891104,42.11405148047208
84.64967416666403,-250.1479877037775,5.018086066611125,7.961544650552257,5.627854789417626,44.8064171927728
106.584052013197,241.6983830397803,5.018923035598906,7.935748768139727,5.8082410341940705,46.09274163216421
-241.92369740132276,-106.2538094872959,5.0197596313563135,7.6114256580427435,5.229777872965064,39.806065488150495
250.22969606458477,-85.09241427299186,5.020595854382208,7.995329389589564,5.37566067531659,42.98017778581961
-127.06764236588526,231.8363644326687,5.021431705174338,7.825324819149211,5.6017995463669745,43.83590102208428
-62.92488416790957,-256.852883782211,5.022267184229348,7.810972038572969,5.995401801418323,46.82991583088853
219.96124382325976,146.93076266997576,5.0231022920427755,7.5738758785726095,5.564482086266786,42.1446966499254
-261.51506913095017,40.25062459998743,5.023937029109064,7.726471722199343,5.691364988669212,43.97417064566805
165.68987152436995,-206.38737974558796,5.024771395921551,7.88220290767602,5.626704115597179,44.350823540592714
17.242870135378876,264.1783505199397,5.025605392972491,7.990112391437435,5.851082503693627,46.75080681608522
-191.21693793607744,-183.19996465062445,5.02643902075304,7.805652585401698,5.429747679191698,42.38272401016155
264.8201089626975,5.922396868438757,5.027272279753273,7.742351063935226,5.040838336233957,39.027940055666456
-199.32545339113526,174.56443674198084,5.028105170462183,7.6887975768105745,5.986762187278817,46.031002598490545
29.067792665839296,-263.4331983379223,5.028937693367681,7.989090086340383,5.530629525515842,44.18469751352003
156.55588258446576,213.94121475198455,5.029769848956596,7.856107217485168,5.67102072230668,44.55214682702146
-260.0260171896717,-52.015890751169046,5.030601637714694,7.908268362025862,5.270413352921089,41.6798431737045
226.9335623304594,-137.32781636622815,5.031433060126666,7.546369195849043,5.077659459940867,38.31789293550925
-74.590582303806,254.62246138674084,5.032264116676139,7.928414272328263,5.621784164500871,44.57183380577772
-117.02627804091642,-238.20113059336768,5.033094807845671,7.849992591692899,5.892178661986854,46.253558845527785
247.26175787423875,96.61842801604926,5.033925134116769,7.879459854982275,5.578396123201055,43.95474830795147
-247.65566562819805,95.80569719788673,5.034755095969876,7.802190385841592,5.218442682438171,40.71528332598451
117.92999092461197,-237.9981806629671,5.035584693884386,7.801698771398038,5.7481075265789485,44.845003427974795
73.8277180919272,255.22271619937789,5.036413928338638,7.861116665083274,5.7400207027373105,45.122972404211275
-226.9006511069737,-138.36114000096535,5.037242799809931,7.553702898846257,5.435747397800041,41.06002087615817
260.8422197000933,-51.25996805970758,5.038071308774514,7.7411677588004055,5.228115154029586,40.47171646966965
-157.75431446901743,214.05222540966912,5.0388994557075995,7.815998304620316,5.755166402715497,44.98237084643213
-28.274778708764227,-264.4689783906728,5.0397272410833605,7.97516226278784,5.530726113425646,44.10843818560747
199.54947316730482,175.95973910905838,5.040554665374938,7.96881944308927,5.9933693004592845,47.760077811114286
-266.0730221513089,5.0478696373370875,5.041381729054436,7.586902428741754,5.350638545358837,40.59477257510221
192.83658117241558,-183.50175159873308,5.04220843259294,7.570492799021778,5.295104175079866,40.08654802751228
-18.24299525859793,265.63985484351616,5.0430347764605035,7.896566009892557,5.548775607123913,43.816272855735626
-166.03038091571835,-208.25403996911686,5.043860761126162,7.910568824986483,5.5146370832767895,43.62391619208376
263.17058226457135,41.41936861358387,5.044686387057928,7.629580636027538,5.221308952801171,39.83639768100904
-222.09236069776517,147.26772705243005,5.045511654722805,7.568412501506778,5.606711658282249,42.43390660688717
64.30348713615979,-258.6819205854615,5.04633656458678,7.991089941218958,5.650745089779654,45.15561224733061
127.35619869021076,234.24376465898123,5.047161117114832,7.960537372279451,5.594007671583246,44.53130713045638
-252.20608507862698,-86.71963538475694,5.047985312770931,7.505498056030183,5.481087645397471,41.138292667461776
244.61328862683646,-106.44716617871912,5.048809152018048,7.6618739062629455,5.418181348372183,41.51342229249341
-108.49549531084577,243.7905598600166,5.049632635318151,7.851551823554012,5.88163811867446,46.179986496163245
-84.69981056193761,-253.11952684189052,5.050455763132213,7.879045849185133,5.730084318626324,45.147597066153565
233.49775028362765,129.4634712021262,5.051278535920211,7.561905708975988,5.562192495819908,42.06077518856396
-259.69526982953687,62.279911462587386,5.0521009541411335,7.9733536336531285,5.314235587059923,42.372279628173004
149.46197983617162,-221.40452052876245,5.052923018252976,7.837637279802162,5.714010437372345,44.784341221128145
39.35858305695448,264.2880350327134,5.053744728712752,7.838726412725585,5.6785814170908875,44.51284614096302
-207.60161980376492,-168.33669591093596,5.054566085976495,7.6408652419780285,5.793909538217817,44.27048200573349
266.86048507268356,-16.11096778026426,5.055387090499256,7.601181375978476,5.3903371953753645,40.97293069973127
-185.9417431510291,192.19300144819866,5.0562077427351095,7.962882454643665,5.9805941377425835,47.62276812777518
7.2851022626677295,-267.3907303092374,5.057028043137158,7.97506042301736,5.648305875756357,45.04558064684093
175.29504004168604,202.14082189519175,5.057847992157535,7.951676530226852,5.852491999607262,46.537123276617486
-265.87251325576864,-30.6504659483712,5.0586675902474045,7.886239229557618,5.7613293586292915,45.43522160242435
216.80826444790978,-157.03565241556467,5.059486837856962,7.509851262480339,5.0312843350731775,37.78419701564685
-53.806005433946375,262.315273308477,5.060305735435451,7.915523940564609,5.620275500309732,44.48742527527042
-137.55332920704672,-229.83001002301637,5.0611242834311465,7.972937704729443,5.95399330989489,47.47081775416782
256.74409116553494,76.57401959083718,5.061942482291374,7.942461110705282,5.3357179109257835,42.378732005221664
-241.10449171532142,116.99608428893717,5.062760332462501,7.637444162427545,5.186785598213331,39.61378538883766
98.7795880395331,-249.19951323438926,5.06357783438995,7.936236900449693,5.807934914759967,46.09314738592819
95.52033004580298,250.54342860318633,5.064394988518188,7.87307694218312,5.654767676340202,44.52042100599647
-239.73725724640704,-120.2519153125111,5.065211795290747,7.758153015292268,5.733934229675506,44.48473913344457
258.0725168054653,-73.2896870448306,5.0660282551502105,7.620362267373386,5.701267793326849,43.44572596845905
-140.82564481408244,228.42780121071735,5.066844368538225,7.928542662051202,5.509753434780516,43.684315165040466
-50.47373716197428,-263.63201408489795,5.067660135895501,7.918261590356037,5.535562447343428,43.83203150781673
215.35585873635426,160.342132466586,5.068475557661813,7.589340923272752,5.5632508040401625,42.22140699353204
-267.1772134010019,27.246729667377895,5.069290634276008,7.620009428165826,5.930306426916005,45.188990885012345
178.6506702309622,-200.61974462676426,5.070105366176006,7.9341693012638155,5.851677303009922,46.42819841844356
3.786250144974575,268.6788016626118,5.070919753798798,7.986013748773831,5.683347757861173,45.38729333334226
-184.33063549665627,-195.60965006393135,5.0717337975804515,7.828784645254429,5.883367225027974,46.059614993692165
268.1231008069655,19.728137583290533,5.072547497956117,7.545837045576272,5.800424157175963,43.76905548527391
-211.08765932100752,166.61173097153957,5.073360855360033,7.603644317237159,5.106221857212058,38.82589480714264
43.11626614035659,-265.51218923196865,5.074173870225513,7.930696925909297,5.88134983637945,46.643203067571655
147.59732179883923,224.96449913103532,5.074986542984966,7.964981762262487,5.852940548457998,46.61856472407455
-260.8639025240724,-66.19874535747347,5.075798874069892,7.919417446198056,5.142604037037121,40.72642812980033
237.13211784996219,-127.43177192027002,5.0766108639108785,7.519271893887225,5.392022513825637,40.544083339416254
-88.79833853386344,254.21171334908985,5.077422512937616,7.906650904116441,5.628410181779262,44.50187445250318
-106.26842222260642,-247.49545234475138,5.078233821578893,7.856753887605239,5.652129057997352,44.407386949667234
245.60449130014305,110.74132363177016,5.079044790262596,7.7270380594971755,5.900908341409915,45.59654333967877
-255.97317055782383,84.26842429292161,5.079855419415719,7.788571408731937,5.718848711817069,44.541661567721896
131.85882895055101,-235.10614441867673,5.080665709464363,7.8572919730607085,5.756883157262665,45.23351182140833
61.59951305005972,262.498309552889,5.081475660833735,7.813883462621946,5.866837987400195,45.842788327628604
-222.79514501401778,-151.98813300831253,5.082285273948159,7.5878368120632596,5.011494522835816,38.026402623827
267.0188040387733,-38.434727602290415,5.083094549231069,7.501790198099838,5.875287618106901,44.07517506453169
-170.97391862343608,208.7639432973002,5.083903487105021,7.88454430239367,5.602378199098691,44.17219910955809
-14.951090088038905,-269.49790120282233,5.084712087991688,7.912908666088174,5.511419282122778,43.61135739995479
193.11827320986865,188.66947152925115,5.085520352311864,7.633442300456115,5.278433439319687,40.29261709584495
-269.9144585532726,-8.671747410911943,5.086328280485471,7.8612070247901995,5.1812449935186775,40.73083954020808
204.9378142705463,-175.97635565785828,5.087135872931558,7.732971452567596,5.811235685194811,44.93811965775357
-32.25287753891505,268.2631223640349,5.087943130068302,7.883634092752723,5.68728504279916,44.83647425861408
-157.46800515710612,-219.65276661745926,5.088750052313017,7.809101824611269,5.521371428636625,43.1169516977228
264.55438522876767,55.61152339748841,5.0895566400821455,7.802496055558904,5.774065483935663,45.05212316294683
-232.69992428688445,137.73364663976278,5.090362893791272,7.563064082936106,5.747497929217321,43.46869515521316
78.56842472093594,-258.81452215695947,5.0911688138551225,7.882465542759911,5.668712889222414,44.683434021094655
116.92324987015581,243.97754837970623,5.091974400687562,7.879821416905524,5.5107301240733175,43.423569254459366
-251.08540557589177,-100.94721386519232,5.092779654701601,7.990215462914976,5.18583453477615,41.435935287886885
253.39735861921503,-95.19518955721888,5.0935845763094,7.902334189851153,5.505953057928762,43.509881097385964
-122.57577104565668,241.42420053167066,5.09438916592227,7.914951778347125,5.690828074025763,45.04262978477796
-72.71503982917233,-260.88522420687394,5.095193423950668,7.8124835835409465,5.764897071561269,45.03816373237569
229.90294230287554,143.28754840803572,5.095997350804214,7.5517119815603735,5.642907572497466,42.613612726066876
-266.3817468906047,49.65431224861987,5.09680094689168,7.8302988251364365,5.701332936846574,44.6431405971014
162.9228527445444,-216.60799954469528,5.097604212621001,7.926647351071454,5.5960293321471255,44.35775108218217
26.189146988814144,269.84273166203997,5.098407148399273,7.934780175643834,5.940004704979909,47.132631576305684
-201.63942696275018,-181.33007697453712,5.099209754632755,7.996956537655983,5.938029687680101,47.486165331688696
271.2395413564757,-2.4989671610714916,5.100012031726874,7.641245694839406,5.364157456742994,40.988845072778105
-198.36687089149584,185.11021236735456,5.100813980086226,7.881666752770245,5.583495577956868,44.007251461022335
21.234893423724817,-270.5593323160158,5.1016156001145845,7.983128506010192,5.591446901027901,44.63723914543818
167.14542377418147,213.9012421344211,5.102416892214887,7.850713437365874,5.507017789815005,43.23401856231357
-267.80516918585545,-44.83057856222898,5.103217856789254,7.757196231675648,5.542639993275834,42.995346069374044
227.81257886762953,-147.88126298986518,5.104018494238983,7.976245338379053,5.061349392184642,40.37056449532041
-68.10710340299634,262.9960178388394,5.104818804964555,7.889442922055798,5.759226128128898,45.437085813085346
-127.4640328450439,-239.99258624480134,5.10561878936563,7.811396833267814,5.992211048236533,46.807538406467266
256.16661635728485,90.88574294414359,5.10641844784106,7.5526670902136415,5.294153251477226,39.98497703297959
-250.34612938635706,106.04902590709618,5.1072177807888774,7.911729512267755,5.983603765922351,47.34065450456434
112.99140462964549,-247.36722493640485,5.108016788606314,7.830338930057692,5.8983424186963065,46.18602026392834
83.79934311517032,258.791976308933,5.108815471689785,7.838110958848174,5.549557813870857,43.49804991766268
-236.66325650333744,-134.25397450068675,5.10961383043491,7.792169041374511,5.7878668037756,45.100036523979476
265.2634350064794,-60.884651326299284,5.110411865236498,7.638905393429707,5.7164080721165025,43.667100453135866
-154.50962655057143,224.13479076264426,5.111209576488562,7.98636117803811,5.577603745075382,44.54475801615
-37.47988923917919,-269.7088796885345,5.112006964584317,7.802627739022759,5.981860571370289,46.674231225140346
209.8759752761277,173.60208520339228,5.112804029916181,7.764890602944459,5.799027211216817,45.02881189859668
-272.09216202639703,13.763931567831598,5.113600772875778,7.582856775631748,5.3089909422494275,40.25731793820365
191.38383118597002,-193.99431805503863,5.114397193853941,7.942522082363126,5.96299577334177,47.36122560680499
-10.081778332317674,272.39290413578027,5.115193293240715,7.838765992982353,5.93016455110725,46.48517221600897
-176.6098769794942,-207.71724148689242,5.115989071425357,7.968153951587111,5.846492796033437,46.58575467563941
270.606670928383,33.874616931037835,5.11678452879634,7.512589255889335,5.0453456593731305,37.90360959285447
-222.47565459262566,157.8543521567449,5.117579665741354,7.960165712403094,5.54674951430926,44.15304529909309
57.43217945524777,-266.74502038774,5.11837448264731,7.896934898814243,5.753985917020476,45.43885219540467
137.87008808066818,235.54435275491292,5.119168979900337,7.9605624562380495,5.650747520537113,44.98312856166799
-260.83543125966514,-80.57367856794511,5.119963157885795,7.616064501560439,5.890345989913801,44.86125499569138
246.82145367174465,-116.80899315371451,5.120757016988266,7.900252152527756,5.510880594957857,43.537346282639255
-103.1213320668108,252.92110858740196,5.12155055759156,7.8362561513785005,5.544903174503135,43.45128160999837
-94.83138477407677,-256.21870465133594,5.122343780078715,7.912539360903649,5.7732922996588,45.681402563052195
243.0606684590469,124.90172894856178,5.123136684832014,7.649387378761069,5.36244685503831,41.01943329220703
-263.6621730695594,72.10476877011298,5.123929272232962,7.9140162935676575,5.492334510193171,43.46642480339269
145.74716334030848,-231.32770426271722,5.1247215426623045,7.91435732621235,5.9022446604592345,46.712473269603265
48.80256247652099,269.09282772052774,5.125513496500028,7.891918193418223,5.548453407180275,43.78794038945934
-217.81023765616015,-165.4969260350572,5.126305134125362,7.530651384118775,5.297211381426867,39.89145222151196
272.46700649149267,-25.102771188441803,5.127096455916776,7.884794798229769,5.712718559021231,45.04361357792126
-183.99854368335647,202.61005834504607,5.127887462251987,7.970759765763879,5.769149645404926,45.98450587626453
-1.1866280970929481,-273.75676666058166,5.128678153507959,7.833799978933973,5.810196511068711,45.51591730601231
185.84195762120802,201.10895608457903,5.129468530060906,7.845130291767051,5.556864395175489,43.594325193833015
-272.9501150125224,-22.76279189918387,5.130258592286294,7.8718699535527294,5.722406137724394,45.04603693757838
216.69562248653293,-167.63286143199036,5.131048340558845,7.68789612725893,5.757119035314486,44.2601331357629
-46.56197390374487,270.0511158865444,5.1318377752525315,7.872054497078012,5.864938508905009,46.169115564111685
-148.1208695283104,-230.6375483375106,5.132626896740588,7.96406314250658,5.6457591267935205,44.96318217316641
265.0798762050787,70.02836951593319,5.133415705395512,7.682228316028326,5.965031834108455,45.82473646199835
-242.82622453647417,127.45420796602713,5.134204201589059,7.83220960981896,5.832075580923182,45.678038410097045
92.98179732896776,-258.0724074745389,5.1349923856922475,7.812377832417903,5.608633581876053,43.8167646652031
105.79010290711469,253.16647189028578,5.135780258075368,7.905597186277888,5.785249867373809,45.73585507342491
-249.0803656931355,-115.24582668476876,5.136567819107974,7.890960909367482,5.1544371807747265,40.6734623032837
261.5771842067068,-83.29358427875434,5.137355069158892,7.5732859622888045,5.390272325882813,40.82207373852213
-136.6491340567397,238.17067103811561,5.138142008596221,7.9930787409410735,5.656150794038041,45.210058667382434
-60.136228395022925,-267.9919642228245,5.138928637787332,7.8985930910049955,5.7584779202456575,45.48387391555717
225.4250101288306,157.02682163087024,5.139714957098876,7.693066124715234,5.988005646328087,46.06612339237016
-272.35964738477475,36.49484912312204,5.140500966896781,7.836250094458691,5.875697323973394,46.04343370999719
176.22168793507555,-210.93922456550212,5.141286667546252,7.970243237899414,5.841039851527286,46.55450837893635
12.550147580319752,274.6447093498797,5.142072059411781,7.985166884331019,5.852557521862941,46.73364851222237
-194.8225903195517,-194.0854407243885,5.142857142857142,7.865033278247116,5.605815318550574,44.089924032107724
274.82755397009817,11.51466932420178,5.1436419182453985,7.74498135280077,5.047769745618172,39.094882553044634
-210.4798427627952,177.19699339310648,5.144426385938896,7.970140190412421,5.688702740608707,45.33975834423474
35.5152909391798,-272.90467942920685,5.1452105462992765,7.952924742787236,5.798617287298626,46.11596689811104
158.19600796632236,225.27778164791096,5.14599439968747,7.898410820033472,5.509631642799445,43.517334181885936
-268.8887211384144,-59.267714780942484,5.146777946463702,7.652648573833556,5.607128749534521,42.90938582842648
238.3642553985194,-137.96388400527644,5.147561186987495,7.738989982799603,5.553427385584622,42.97791890724438
-82.5896574848088,262.80837093901783,5.148344121617669,7.86886329241319,5.922218488590102,46.60112767451737
-116.6544520045464,-249.63726616291217,5.149126750712342,7.836456108578723,5.6053963628720185,43.92644256883339
254.70817310901498,105.30195397674528,5.149909074628935,7.586699788937247,5.305046200392101,40.2477928888171
-259.00861510313524,94.42995318178251,5.150691093724175,7.535276727003042,5.201122595272553,39.19189804644693
127.22993412345895,-244.6481986160126,5.151472808354091,7.833307968558269,5.753196925464151,45.066563320923265
71.45980402159195,266.40459226138086,5.152254218874021,7.900514692569766,5.958676513623817,47.07661134415535
-232.70359999406648,-148.2047662812409,5.153035325638613,7.581499256743308,5.653158730442279,42.85941871310008
271.76655601415337,-47.919304578389024,5.153816129001823,7.764058703063422,5.48286354941152,42.56927445851772
-168.06475740732807,218.9640501400609,5.154596629316927,7.989090846774267,5.510334653520462,44.022564143103374
-23.988300388514464,-275.0513975613916,5.155376826936508,7.96484346912929,5.839175646715118,46.50812001483771
203.53306921883407,186.65659972053868,5.1561567222124705,7.972965969140279,5.853265024817176,46.66788285122638
-276.23188677503975,-0.15019179255252985,5.156936315496036,7.878574161351219,5.432395847702168,42.79953355993795
203.83655429805282,-186.5272447285874,5.1577156071377495,7.980637480086753,5.570686257982219,44.45762754025712
-24.31138392455694,275.2968966379258,5.158494597487472,7.953162844520127,5.988567684405013,47.628053999503884
-168.07535060255114,-219.47156246946693,5.159273286894396,7.825336163549796,5.968536860428532,46.705807337391356
272.25150443229813,48.3101315778551,5.160051675707036,7.623609849277315,5.5194303533401845,42.077983604124405
-233.44027641407462,148.31737200303488,5.160829764273233,7.864111508051891,5.080941792312194,39.95709282066412
71.96235295401885,-267.1169687809016,5.161607552940163,7.937577548413124,5.7157611232750245,45.36929716420041
127.40344319385822,245.6340009786137,5.162385042054327,7.936119916974025,5.982891638666206,47.48094549471624
-259.930582594799,-95.08644115359334,5.163162231961564,7.5595091820891795,5.308613449160352,40.13051211308979
255.95753940583785,-105.49270655107274,5.163939123007047,7.502311812410152,5.302569780545792,39.7815319007178
-117.5046588540946,250.74540293398653,5.164715715535284,7.806765217485644,5.873711851347791,45.85468937863514
-82.75210138463117,-264.3299363941213,5.165492009890122,7.9801463240646475,5.9667133217806505,47.61524538155542
239.6298597319058,139.0445046856551,5.166268006414752,7.716747858885065,5.175692512357283,39.939514112980525
-270.6851126893412,59.35509179047538,5.167043705451704,7.602632623594833,5.626959791354684,42.7797080814095
159.54004079834547,-226.66724626595905,5.167819107342851,7.867088129406972,5.887219438056075,46.315274156344934
35.48034322913536,274.9723862365577,5.1685942124294115,7.913164858055367,5.6607530806105455,44.79447234761603
-211.95509516593566,-178.83317140261227,5.169369021051958,7.684448368270066,5.395867152430624,41.46426253489755
277.15687578424183,-11.310357929639906,5.170143533550403,7.813692594495059,5.327633386911859,41.62848954149782
-196.7748624303534,195.60444463385895,5.170917750264017,7.775334860645609,5.425220708630379,42.182907702510256
12.969920456832687,-277.2197837313678,5.171691671531419,7.8370513770687324,5.713665915335305,44.77829332988923
177.73900039536082,213.22629290616263,5.172465297690583,7.941336981939505,5.747366861693715,45.6417770075419
-275.1585559307559,-37.17452228315502,5.173238629078842,7.690039395200126,5.418135424830093,41.66567486547279
228.05992913290535,-158.494199707775,5.174011666032882,7.941267716499811,5.622867570283574,44.65269671004668
-61.11787657752867,270.9869171035459,5.174784408888755,7.803073216704792,5.513959569725071,43.025830236514786
-138.01618450747313,-241.16051337915414,5.175556857981867,7.846033181860187,5.938150734639882,46.59092770287196
264.7347814724117,84.61623404365497,5.17632901364699,7.689799057389335,5.200328955973055,39.98948470375606
-252.42595940370512,116.46069148270992,5.177100876218264,7.858088921499087,5.84589554571925,45.9375670240573
107.489077475861,-256.4480391777835,5.177872446029192,7.898909756033505,5.707187168163424,45.0805564021153
93.99186750293649,261.768147859515,5.178643723412644,7.811694381506561,5.92075118455088,46.25109876265442
-246.1882199945984,-129.56050876121162,5.179414708700861,7.933905355032538,5.730310963894484,45.46374484244411
269.11361538056417,-70.78101941617811,5.180185402225456,7.647759935443755,5.099333440447245,38.998477983321
-150.66060180975083,234.032036809628,5.180955804317415,7.899329047016996,5.567331528339919,43.978183656189046
-47.00530773815046,-274.40413196458803,5.181725915307098,7.9468705863388625,5.838701084499497,46.399401910833866
220.07081224400176,170.6267110050506,5.18249573552424,7.587064607559588,5.452565318455475,41.368965348060414
-277.59716211615284,22.846394196296917,5.1832652652979565,7.880299667199272,5.17842828772334,40.80756671236153
189.30472509836133,-204.40979270503482,5.184034504956743,7.801398981569265,5.840954658568337,45.56761772474727
-1.510946544560079,278.6662061016991,5.184803454828472,7.951268928756058,5.951031222139706,47.31824965065663
-187.16735501896665,-206.55025687838432,5.1855721152404035,7.994138064643701,5.933071798797497,47.42979510703114
277.6010185841559,25.8802403636174,5.186340486519179,7.560952250996688,5.657709145548068,42.77766869951621
-222.22975943196857,168.47411162502445,5.187108568990829,7.602125183197318,5.442235245740505,41.37255361452794
50.0747415575578,-274.40770284257326,5.187876362980768,7.999909601432675,5.9258876380683745,47.406565412794386
148.47192109506292,236.2215603651627,5.188643868813804,7.851564276655018,5.866362898697983,46.060125369311464
-269.1086797345542,-73.90886417122165,5.189411086814131,7.943091745882205,5.735565047130026,45.55811938382899
248.4168059754636,-127.3128114748806,5.190178017305341,7.885150723315733,5.418224741785244,42.723518741775116
-97.19960581099726,261.74253151953286,5.190944660610416,7.804460606697194,5.963432241347569,46.54137200830505
-105.1578246213218,-258.72030804758987,5.1917110170517375,7.970877354506188,5.683500678659144,45.30248685384473
252.3637216201794,119.76795301798397,5.1924770869510795,7.713275198225946,5.580839415993025,43.04655025266077
-267.0512866874241,82.17579031934869,5.193242870629619,7.925883286636023,5.869888171531665,46.52404855316531
141.44025740456834,-241.04219235230718,5.194008368407928,7.800518233238569,5.706759875074612,44.51568445823377
58.54203951384163,273.3440033972605,5.194773580605991,7.802403174773772,5.705034083960579,44.51297604888661
-227.86284359119313,-162.04957197461715,5.195538507543187,7.981558757871488,5.626162987947099,44.905550469661584
277.5482794333045,-34.43706646458706,5.1963031495382985,7.915956879743113,5.4110885573434775,42.833943692402336
-181.43693734188642,212.92489625829427,5.197067506909525,7.919416661477092,5.945717633132486,47.08661528826755
-10.045150034702177,-279.62989536092925,5.197831579974464,7.8868712887037775,5.9102439181044035,46.61333306693374
196.34114539938898,199.45260793582636,5.198595369050128,7.905772583662902,5.747528791791541,45.438655545958724
-279.57086863052524,-14.44705535421462,5.19935887445294,7.855483398385948,5.365509440057616,42.14867033025569
215.95720873478933,-178.2371084764693,5.2001220964987365,7.608857055099801,5.717460712616413,43.50334128044733
-38.851948324267944,277.3696069292586,5.200885035502765,7.922984463874241,5.772265699117905,45.733571455465345
-158.7500753046975,-230.82281359046934,5.201647691779692,7.8231370772843665,5.862477800328183,45.86296744450391
273.040936014634,62.982417764619996,5.202410065643601,7.724867194184773,5.217680684512626,40.30589034952313
-243.93393680026142,138.0280668261568,5.2031721574079945,7.657514022678126,5.13492753116371,39.32077957532208
86.65327766335973,-266.6160016971722,5.203933967385793,7.975432698262501,5.851778542789076,46.670465933150886
116.22871061809794,255.1884302416449,5.204695495889343,7.990796554423214,5.719190510144037,45.70088782254891
-258.1420466043769,-109.68268854313932,5.205456743230412,7.707812549826933,5.588510354027655,43.07519024161211
264.49827909969065,-93.51804167944982,5.206217709720191,7.554828101615343,5.046381351293999,38.12454364422351
-131.8935545881561,247.682063319099,5.206978395669301,7.9777750358488015,5.524389740924276,44.072338563444916
-70.06923762049531,-271.7902899899105,5.207738801387787,7.863496333199183,5.875811367054667,46.20442113940446
235.3143264350251,153.11488572617424,5.208498927185126,7.6856120535088435,5.371940273213462,41.28664891453897
-277.0066660980603,46.06129789231265,5.209258773370225,7.967383354804941,5.797297725718873,46.189293402741086
173.18311418791166,-221.1318070030244,5.210018340251424,7.956627388477567,5.806304256417064,46.198599472441884
21.67767713084077,280.1054648199215,5.210777628136495,7.8892727905319395,5.757316959427814,45.42104403448193
-205.24147374732965,-191.9433554053606,5.211536637332646,7.968952372409217,5.854920848253948,46.65758538396148
281.0609342809528,2.8951169481764887,5.212295368146521,7.9940047587262075,5.841490756040633,46.69690490184397
-209.2506035279357,187.76348630303036,5.213053820884205,7.611533966125382,5.9740531275144155,45.471708295513544
27.46895038542575,-279.8637260411892,5.213811995851219,7.905467080572184,5.883909530265394,46.51505309657802
168.8302865593987,224.97085232762373,5.214569893352527,7.895915870495319,5.818830492629245,45.94499603447335
-276.5209822377797,-51.855503627756185,5.215327513692534,7.9832167609462745,5.258641356895079,41.98087382017005
238.9821328278391,-148.58559498072125,5.216084857175089,7.896664669836154,5.350674427364204,42.25248171036271
-75.86771495753752,271.0562963788614,5.216841924103487,7.830045976494051,5.708367575105621,44.69678056380487
-127.18331951149429,-251.17545962121005,5.217598714780469,7.963417444787179,5.932531099283772,47.24322164777885
263.5095479707117,99.3212156361084,5.218355229508225,7.5986942110197235,5.249897592717667,39.89236644623011
-261.45567853425916,104.78638535036293,5.219111468588396,7.9762114013652035,5.737440870278835,45.76304128417674
122.03574574895954,-253.93661212786475,5.219867432322067,7.920497542278085,5.6319740175607835,44.608036364264215
81.56549449180369,269.74220904664395,5.220623121009784,7.931694415658447,5.930319116402433,47.03747901864171
-242.4089462757142,-143.83653987799124,5.2213785349515405,7.6196664712486735,5.102258206367818,38.87750578271426
275.96967567358683,-57.69782448147946,5.222133674446788,7.668873395205678,5.4923029024619066,42.11977560710104
-164.55567194741982,229.01305699967355,5.222888539794434,7.869865259717908,5.654636285383932,44.501225658683325
-33.365676306189435,-280.0884233662537,5.223643131292842,7.904615410297069,5.686082687036225,44.946296832169914
213.84985101696859,184.03334889305907,5.224397449239837,7.990443397345168,5.329405198917468,42.584310583467094
-282.0649128696918,8.75508173867527,5.225151493932704,7.573257960075463,5.422551839705424,41.06638388397094
202.1191431875245,-197.03387513950017,5.225905265668189,7.749356750886919,5.428262466778595,42.06554239251678
-15.94561922190072,281.8819928947507,5.226658764742503,7.9176735084794085,5.717231549516775,45.26717278145165
-178.6924509520712,-218.67315471353695,5.227411991451318,7.884710440931814,5.650383027563559,44.55163405269431
279.539046902189,40.54721993375319,5.2281649460897786,7.703704358443536,5.190824127517029,39.988574455066804
-233.56709301048122,158.96471074301198,5.228917628952489,7.987711261775014,5.8876249717862,47.028648292244426
64.86109668448606,-275.0520132567086,5.229670040333527,7.876360683520366,5.998928510334495,47.24972466204801
138.0005419875949,246.68527152168485,5.23042218052644,7.947418077395563,5.731952883962596,45.55422596878397
-268.4532784786147,-88.70065514375123,5.231174049824245,7.904897512814486,5.696474165034325,45.03004445899181
257.92550613697006,-115.95944839270078,5.231925648519434,7.739695878374623,5.084260515889551,39.35063015941319
-111.8827626026064,259.79144429374173,5.232676976903971,7.853574175926288,5.92313941394983,46.51781474180755
-93.00933615849912,-267.19991105183107,5.233428035269295,7.984261542385777,5.5538268558982855,44.343206178618
249.13097015075513,134.22915500434746,5.2341788239063245,7.614370537769738,5.660791741536369,43.10336585720477
-274.4355857455902,69.32523469441425,5.234929343105453,7.912202690313935,5.746403993771376,45.466713139148624
155.5678079547383,-236.55169383149902,5.235679593156556,7.912723198211582,5.867461750151796,46.42760070504525
45.08796153784814,279.57518771014196,5.236429574348986,7.927643477103515,5.559373558621864,44.07273152879038
-222.14823371736162,-175.73426116580086,5.237179286971582,7.682861102273861,5.2921475817818955,40.6588348035648
282.57738643208575,-20.482741661030328,5.237928731312662,7.887221622875691,5.308514178136948,41.86942781114391
-194.5728861347045,206.02927718547568,5.238677907660032,7.801298287488855,5.962730586403548,46.51703991246741
4.302208289453065,-283.4171950375408,5.239426816300979,7.991341536633883,5.729323645805093,45.78498202754091
188.31676048593036,211.9380872852006,5.240175457522284,7.90185520200428,5.600186577748833,44.25186344157916
-282.08617694379615,-29.077119997260326,5.2409238316102105,7.647571560575273,5.725079477982481,43.78295499785195
227.69542730031193,-169.1449462883059,5.241671938850514,7.871178579489847,5.078916621826598,39.97705972073645
-53.65212670595242,278.5925258180415,5.242419779528439,7.952146149453069,5.793134290013424,46.06785053759479
-148.65940587627202,-241.7226679478054,5.243167353928726,7.804803699447116,5.546909881198539,43.29254276127812
272.96101811342976,77.8387185430868,5.243914662335605,7.573509904664255,5.016277643926471,37.990828420823
-253.9107183400484,127.01591370662987,5.244661705032803,7.729629873159233,5.974545689902553,46.18102684322551
101.45118878184286,-265.23283842921245,5.245408482303542,7.888876849218593,5.534560770462843,43.66146833269774
104.37926272830185,264.1644832723032,5.246154994430543,7.881783918179197,5.829157245023239,45.944157830361924
-255.46527891718137,-124.30805994253896,5.246901241696022,7.665208270103562,5.995086433959021,45.95358611356836
272.4036050430333,-80.92200947213365,5.247647224381698,7.661058369381876,5.532395413332419,42.38400418404023
-146.23347878083416,243.73131492366105,5.248392942768789,7.9525189806071825,5.808654017367423,46.19343132489459
-56.823158469182474,-278.5630929706008,5.249138397138015,7.88923528166348,5.574594018950597,43.979283815255265
230.1190600073976,167.05856943798003,5.249883587769602,7.770927054630843,5.643834397139134,43.85782540858465
-282.59383567665157,32.26679602917086,5.250628514943279,7.900244141059904,5.811129248247446,45.90933979640873
186.62273433952342,-214.73110440157728,5.2513731789382785,7.827709203538872,5.834596639240807,45.67152581192224
7.440683808283975,284.4629921009913,5.252117580033343,7.991300398801103,5.824755575244414,46.54737155136963
-197.68374188573233,-204.77489282004586,5.252861718506724,7.850241565642499,5.593212296248421,43.90806765347208
284.1542581390299,17.465177086638317,5.253605594636179,7.888456794009667,5.2270142194346,41.233075831684005
-221.37464791993773,179.10609089355708,5.254349208698979,7.599971095767164,5.874250591059452,44.64413470134502
42.260000474726766,-281.6680067438231,5.25509256097191,7.988704475048109,5.617841082454593,44.87927219551412
159.1391164990127,236.29337234231315,5.255835651731261,7.943599617645758,5.92758228694571,47.086340388145715
-277.0213003031175,-66.753676824019,5.256578481252847,7.899922792707863,5.736622606406713,45.31887568151558
249.41520516989428,-137.93456068925795,5.25732104981199,7.538203390552989,5.234450214573316,39.458350355177394
-90.75823111974084,270.24777508017576,5.258063357683534,7.8267385388922355,5.887980497496219,46.08368387599953
-115.65378904297532,-260.63795161839204,5.258805405141837,7.838210408715588,5.512573763305371,43.208713050352614
261.39739848804055,114.08926569635213,5.259547192460781,7.685893393114995,5.778933739206505,44.41626864541661
-269.8738788394589,92.46656258107032,5.260288719913763,7.956140070067063,5.472627783124379,43.54099319387815
136.5673769569373,-250.53610094276465,5.2610299877737035,7.905417975737539,5.686742435594104,44.9560758737351
68.54974413848268,277.05040157709004,5.261770996313047,7.862762325065259,5.864801259471627,46.11353838696879
-237.74528500449227,-158.01953509372507,5.26251174580376,7.8043495267582745,5.226645573517756,40.790568908216535
282.1106523203858,-44.08594911643266,5.263252236517333,7.773291494248114,5.864956823771845,45.59001899235812
-178.28041619739085,223.12121545873728,5.263992468724788,7.8790046781856065,5.868696423272069,46.23948657381177
-19.262150909856054,-285.01393147646564,5.264732442696667,7.959095309482313,5.670483053962914,45.13191507729517
206.77429490649843,197.19367649829965,5.265472158703047,7.6098806908085,5.048652065688167,38.419639869290826
-285.7360340033321,-5.731748338347381,5.266211617013528,7.800926609877467,5.834325331109122,45.51314372613132
214.6131589173372,-188.82823031393576,5.266950817897245,7.514206123573402,5.409338080312587,40.646881327563634
-30.704370729129064,284.26944988661035,5.267689761622867,7.933901296322866,5.764795624755786,45.73731948028632
-169.4190968134095,-230.4040226141897,5.268428448458588,7.947264040993619,5.680580172898694,45.14507054005911
280.6234368091417,55.46432822610252,5.269166878672145,7.528635985073721,5.807130162441253,43.71976911096222
-244.44378680301793,148.69430584125567,5.269905052530805,7.654300393862573,5.7087748695286376,43.69667773230581
79.82168967544187,-274.8239643409814,5.270642970301372,7.882653141800952,5.976727785181415,47.112472053549325
126.81148543762875,256.62328075504064,5.2713806322501915,7.995797923603528,5.889362782815199,47.090154710181665
-266.91352996196497,-103.58943798011761,5.27211803864314,7.904340701067672,5.253258343484064,41.52354373762442
266.84749261965686,-103.93728121433547,5.272855189745643,7.591176277478791,5.742720892613119,43.59400660818653
-126.58490624711278,256.9508482121076,5.273592085822658,7.883717493540001,5.718232469923129,45.08092935526142
-80.24608711256415,-275.0363104650069,5.274328727138689,7.9811893001130425,5.933182254659523,47.353850726509165
245.01041523914955,148.63118187746835,5.275065113957785,7.5220165445520335,5.997952305663712,45.116696476636456
-281.12514975943765,55.91871561898044,5.275801246543535,7.725956872964773,5.81316263602622,44.9122438214688
169.5584678049382,-231.18195197007657,5.276537125159076,7.843527871244968,5.988002035886366,46.967060861546315
31.141017581569596,285.06546238095234,5.277272750067091,7.940181135249716,5.786867063487634,45.94877268970243
-215.56973006706758,-189.20539040796228,5.278008121529809,7.920755782067677,5.031766403608417,39.85539283539525
286.82512314579714,-6.102462162159953,5.278743239809009,7.9939390652091165,5.586563765705616,44.65865032695587
-207.4202440192132,198.291785730873,5.279478105166019,7.64245464815224,5.9293930493243305,45.31511747053032
19.00531222233963,-286.38869078295147,5.280212717861718,7.899348186945046,5.812969601398773,45.91867088157606
179.47902727915522,224.06216243415062,5.280947078156538,7.861737021693552,5.633912652514194,44.29233967725856
-283.7575412413164,-43.98996488580248,5.281681186310461,7.786721819817673,5.619780483695074,43.759667314973946
239.0022083712307,-159.2742432471576,5.282415042583027,7.549332860369331,5.0371741432851485,38.027304283305305
-68.65992655430706,278.9498721934745,5.283148647233326,7.807437915093668,5.782860595808752,45.14932507341841
-137.83101852689276,-252.12437245751028,5.28388200052001,7.9777783619043205,5.933845934526713,47.33890769934113
272.00057858656317,92.82586845023111,5.284615102701283,7.6757789630048086,5.3498557661443815,41.064310344881015
-263.32647399964793,115.31256677289964,5.2853479540349095,7.956023116890561,5.665136104951015,45.071953811321634
116.30215551133058,-262.9610000794913,5.286080554778213,7.845066534628287,5.879466248659549,46.12480390883554
91.8904879520141,272.5209565465376,5.2868129051880794,7.939928789653762,5.969860857846136,47.40027009543964
-251.89854218885714,-138.90827258875325,5.287545005520952,7.946283461908868,5.9403234722211495,47.20349416569998
279.6355720503396,-67.74346049648364,5.288276856032839,7.629639250435096,5.42995548933062,41.428601529512406
-160.47021266523092,238.89617393595205,5.289008456979314,7.981609208859898,5.71175732387994,45.5890148550531
-43.055878029615606,-284.61394828140766,5.28973980861551,7.968905637031637,5.806507478479048,46.271510176718046
224.05180573670415,180.82181641620141,5.290470911196129,7.701881718433851,5.100006466464494,39.279646567957315
-287.4160350430849,18.01644106700476,5.291201764975441,7.820391206176963,5.368245437826124,41.98177941457502
199.80605280025688,-207.4775521980276,5.29193237020728,7.92557027790925,5.978868926907775,47.38594586261543
-7.183285549155006,288.01842565775735,5.292662727145052,7.920386357838452,5.626332156364295,44.562724455935566
-189.29888537070687,-217.27623080836997,5.293392836041729,7.991044535394191,5.522199748456533,44.12814412325875
286.4145511488511,32.350338452896835,5.294122697149858,7.830814473468713,5.434321820406167,42.55516596472346
-233.097133020499,169.65368485382726,5.294852310721554,7.909696122127862,5.945500585215522,47.02710292298815
57.29183357674029,-282.61474551734415,5.2955816770085065,7.940598728720129,5.903198376345591,46.87492952259253
148.691191942347,247.14606220948866,5.296310796261979,7.902042671508728,5.9179510312728665,46.76390157701728
-276.6461814983891,-81.8164446736147,5.297039668732809,7.864560472425263,5.632781300291182,44.29934916408621
259.31379289120514,-126.570875751539,5.297768294671412,7.802212827855622,5.8498297793999745,45.64161694560631
-105.73587120333268,268.5526771762505,5.298496674327777,7.833241437752851,5.571466044430583,43.64263868826661
-103.46121993397416,-269.5054204415676,5.299224807951471,7.915306176792872,5.746990987985934,45.48919326517804
258.3943748263354,128.86628432006964,5.299952695791642,7.625383434388142,5.505546784627724,41.98190524874915
-277.64110118009097,79.53843922118905,5.300680338097019,7.824013580300241,5.66998804341883,44.36206345184892
151.02973985531565,-246.24729433405145,5.301407735115907,7.842894147211866,5.689341079053112,44.6208998503977
54.98513556839104,283.6566776498034,5.302134887096196,7.987458366077215,5.567646259344694,44.47134269356129
-232.20276450401218,-172.05554743408268,5.3028617942853575,7.525994135391634,5.167424451666827,38.89000611832387
287.50418419863365,-29.988904152257355,5.303588456930449,7.761389443077299,5.389835007537948,41.83260852743348
-191.78158518897757,216.3667365123406,5.304314875278109,7.841477614910213,5.6599895884778,44.38268165867354
-4.740899865392971,-289.1522288808967,5.305041049574566,7.940382725093971,5.5854487065102685,44.3506004210726
198.85898466225171,210.0555499446625,5.3057669800656315,7.879129982082961,5.917020914407747,46.620976891322016
-288.58624864236936,-20.56562473675656,5.306492666996705,7.701124235793425,5.039597209770928,38.81056421080382
226.7361332311523,-179.81220047175165,5.307218110612778,7.890096802807827,5.695231517620435,44.935927988427366
-45.736798852255035,285.80863572142806,5.307943311158429,7.880554930032337,5.636148432274199,44.41597731435247
-159.37098694547126,-241.69411404469477,5.308668268877826,7.879042195373954,5.5193974886704495,43.487565706275504
280.838734184395,70.57961888508966,5.309392984014729,7.770940715496578,5.206127548822261,40.456508539211306
-254.81335990540052,137.69076065400287,5.310117456812493,7.819776880232167,5.622941844650878,43.97015063569095
94.90342855027447,-273.71270650807566,5.310841687514062,7.9230131468228375,5.666450906701093,44.89536502961895
114.93656995767266,265.9917284565726,5.3115656763619805,7.940922578766139,5.88679470287057,46.74658097258581
-264.4832711188372,-118.5213822793389,5.312289423598382,7.641966109209571,5.13655920872733,39.25341139104258
275.1418626065395,-91.28183836193212,5.313012929465,7.554743445951923,5.285817577478468,39.932995699952926
-141.25188069205169,253.21931278783714,5.313736194203163,7.99494362975434,5.70472631288956,45.60896529472835
-66.90704257344721,-282.19187302398643,5.314459218053801,7.922858044574136,5.8699334826464185,46.50664971410025
240.00536875856812,162.91996710463877,5.315182001257438,7.684186430838942,5.5483065464343,42.63422187824532
-287.08590265612975,41.9983353349857,5.315904544054202,7.8968035257721105,5.679306059113571,44.848364111546964
183.35867433392107,-224.94099443822716,5.316626846683821,7.8429280422966725,5.707074805252718,44.760177029601365
16.74612354937874,289.7845688390609,5.3173489093856245,7.997716276597608,5.543665931164534,44.33666724969423
-208.14001341121227,-202.41031142858427,5.318070732398545,7.860069144506247,5.770518644776323,45.35667554760438
290.26527950431466,8.65638744521433,5.318792315961117,7.862437163958455,5.489728438292194,43.16264489326815
-219.92768041041006,189.72965742415164,5.3195136603114825,7.748957026024184,5.284834330796152,40.95195411899666
34.0146723175502,-288.52242094807093,5.3202347656873865,7.865126708920379,5.501474507618592,43.26979408831558
169.84960284042677,235.77521363636353,5.320955632326183,7.811782940531913,5.708827979670633,44.59612502202231
-284.5674156120156,-59.1343755880348,5.321676260464832,7.728488502582705,5.41886195241519,41.879612296323664
249.8300229929459,-148.6509108616044,5.3223966503399,7.771108209672012,5.6121517199053255,43.61263830448118
-83.82280146370495,278.4286493202333,5.323116802187565,7.857519478976061,5.625504226127098,44.202509035855826
-126.29487955738175,-261.9828528026576,5.3238367162436155,7.939331975132318,5.708432789637787,45.321142974665065
270.1512684169907,107.89039224142765,5.3245563927434505,7.6122530887403,5.911098490658081,44.996777743360106
-272.1389290536935,102.95181642880944,5.325275831922077,7.569327260745409,5.236398766146864,39.63601592872908
131.15218393507774,-259.79684824818656,5.325995034014121,7.922206696140112,5.907228664749742,46.79828648351122
78.79974084640125,280.2186983525634,5.326713999253819,7.884495663616627,5.988848436028282,47.21904952392221
-247.44293541697274,-153.42922794730563,5.327432727875021,7.986846494797531,5.582674625331447,44.58796526292359
286.15845083919135,-54.0230262504795,5.328151220111193,7.797574453720304,5.264150039032195,41.04760186490819
-174.5499678572284,233.18246721397998,5.328869476195421,7.87465631728475,5.883409072754327,46.32982442193528
-28.810992471492817,-289.9108221888096,5.3295874963604035,7.922747675713698,5.535872030935388,43.859317266141815
217.12307256727541,194.35156073012138,5.330305280838459,7.893050384826832,5.232974003377276,41.30412747114582
-291.4451707478662,3.356458919407808,5.331022829861525,7.687758825414811,5.373271039442715,41.30841185482154
212.6811327714533,-199.3862597693583,5.3317401436611584,7.791233912049461,5.52629894121069,43.05668771888376
-22.145730299451632,290.7478268051786,5.332457222468537,7.943277553671443,5.7439056259151915,45.62543662873926
-180.10649711115045,-229.39695964228352,5.33317406651446,7.875910369027976,5.806376845109614,45.730503600882756
287.82221197738795,47.500198055006926,5.33389067602935,7.584464789845615,5.166304913126371,39.18365770721337
-244.36956232238455,159.43019337932603,5.334607051243252,7.757564967173059,5.152990564386349,39.974659078456874
72.51253123395169,-282.68882768192645,5.335323192385835,7.995019997427013,5.545491878402483,44.33631846339694
137.51458594707773,257.48271004717725,5.336039099686394,7.913674870603776,5.535746427612575,43.80809739423226
-275.38511267359286,-96.99077167574468,5.336754773373848,7.941206746682803,5.042545618120121,40.04389728307131
268.63432254981365,-114.5265449035539,5.337470213676745,7.562427610262651,5.152854664220404,38.96809038437106
-120.7468895686004,265.96517062475255,5.33818542082326,7.836482566288561,5.928954979807739,46.462152335573094
-90.64130231831308,-277.7372646051264,5.338900395041195,7.889830445699318,5.8212906436653284,45.92899615365529
254.49936972650733,143.59822799460522,5.339615136557983,7.616670822595321,5.61103725898569,42.73742377501153
-284.72002669224264,66.04111631805219,5.340329645600686,7.593897896326377,5.220705018910624,39.64550086044594
165.36890752545662,-241.07381727068423,5.341043922395999,7.882262711636604,5.560965502159454,43.832991018368986
40.91388016356709,289.52728645962077,5.341757967170244,7.889725359326435,5.548631100780692,43.777175505376775
-225.7897131348923,-185.8911800646993,5.342471780149382,7.6889193934886135,5.998934788242316,46.12532603358985
292.120346587275,-15.45168694093162,5.343185361559002,7.709892505259158,5.367368937722512,41.3818375459076
-205.00672151640384,208.7625870225975,5.343898711624332,7.993831581355312,5.921057186028197,47.33193392868301
10.150639165421424,-292.47744558323996,5.344611830570232,7.915310845405693,5.75717238516463,45.569809019163756
190.1214252076622,222.56785331624454,5.345324718621198,7.978845143653109,5.677673522766536,45.30127781437361
-290.5939390236662,-35.69703378706935,5.346037376001364,7.517545917657707,5.203813168437602,39.11990444064151
238.43868340040441,-170.00769338366865,5.346749802934502,7.587384231727235,5.71656367337122,43.373765075001515
-60.99169406225068,286.482349736813,5.34746199964402,7.875715792346074,5.901505844430648,46.478582777605105
-148.5742630209402,-252.49615779658575,5.348173966352968,7.879923714793045,5.998603550835898,47.26853837587356
280.1722864348254,85.8405795994421,5.3488857032840365,7.854255263189551,5.719303400113572,44.920868832119915
-264.63101469932684,125.9842493802329,5.349597210659553,7.956828739750513,5.285760635140081,42.05789213312452
110.0529012063257,-271.71023130540937,5.350308488701488,7.951415990048611,5.804145484352984,46.151175212852756
102.4097700163225,274.7486336326084,5.35101953763146,7.859431337320495,5.644718756886626,44.36427948823554
-261.1591980806648,-133.4425859606707,5.351730357670723,7.5043782895060325,5.233373529327091,39.27321469435778
282.7697731008621,-78.0306332218173,5.3524409490401785,7.848063411385089,5.834312165497119,45.788051836636846
-155.82970737137853,248.59826309470313,5.353151311960374,7.90765711244485,5.753855839369622,45.499519052173525
-53.03296640667646,-288.631190978893,5.353861446651501,7.892309118229221,5.610192299405881,44.27737183962039
234.12197281761965,177.04186963609297,5.354571353333398,7.535101287913287,5.189540195880783,39.10371101365906
-292.2861427854377,27.607794877886562,5.355281032225552,7.676573786586346,5.86184879416771,44.998914794240626
196.91553534444307,-217.8396323034116,5.355990483547096,7.859040384890743,5.661466969907463,44.49369755422777
1.9495818728680294,293.7047539172692,5.356699707516812,7.957716509420578,5.749784250092483,45.755153052567366
-199.87447990623335,-215.29728640061745,5.3574087043531335,7.892533362385033,5.624045471027484,44.38796651165487
292.8742628838187,23.74525899359237,5.358117474274144,7.612052995299738,5.051639628579697,38.45334856590494
-232.0450084423675,180.36275449588547,5.358826017497578,7.873713237199363,5.407635991320617,42.578175086816834
49.27986748818013,-289.79913356884634,5.359534334240819,7.908060164723436,5.97739532796199,47.26960188186018
159.45266223290423,247.02898961191997,5.36024242472091,7.86781767148283,5.832537725688059,45.889343387758785
-284.5010355482244,-74.45844520913427,5.360950289154541,7.5371802951680715,5.580704975447604,42.0627795740901
260.13292518326233,-137.30325073964184,5.361657927758059,7.71008133983174,5.886238615226535,45.383378509055134
-99.08775716739856,277.0186925037036,5.362365340747468,7.866498534731683,5.854773661511187,46.056568429463404
-114.08319922031444,-271.2548202649403,5.363072528338423,7.9503179065323755,5.6967156915888415,45.290700771262735
267.40759978389184,122.97861498163074,5.363779490746239,7.763142170177935,5.114902697103129,39.707716824238155
-280.30778357244014,89.96953373459652,5.364486228185891,7.906244459804796,5.547445453817799,43.85945988531628
145.9473303011675,-255.7396131678118,5.365192740872006,7.922972762757097,5.595497879747203,44.33297729530218
65.14627741090976,287.2207060935363,5.365899029018875,7.803074278537821,5.717872415284286,44.61698317166574
-242.10241187562377,-167.81712728976902,5.366605092840446,7.8356093054667575,5.230947232915543,40.987658814638614
291.9388193473427,-39.80304589256657,5.367310932550329,7.925037116949463,5.396800947514442,42.76984782183998
-188.41950330750538,226.59883983780276,5.368016548361792,7.925403345937172,5.96922880896346,47.308545975223566
-14.1335987384413,-294.4241288565342,5.368721940487772,7.806636643392183,5.779517407366008,45.11859237346646
209.34613017080426,207.59552731623216,5.36942710914086,7.612030906380363,5.171104720180322,39.36260895014199
-294.65571940528946,-11.665642153503653,5.370132054533316,7.824051311374354,5.226664991209447,40.8936950785867
225.19706600282993,-190.47501870684604,5.370836776877063,7.846668596906981,5.100797784856608,40.02426979760704
-37.39709576943504,292.6299296356618,5.371541276383688,7.9509151992491445,5.758810955145633,45.787817552869896
-170.12875328093028,-241.0879281602229,5.372245553264445,7.876049755468982,5.725182538242658,45.09182253034137
288.36039453482846,62.86353534379521,5.372949607730254,7.941911762272571,5.4439191610513635,43.23512561801485
-255.14491848502385,148.4620062830449,5.373653439991703,7.7228139296400045,5.333766474519195,41.1916860268637
87.86960027123028,-281.87795537733604,5.374357050259043,7.972929423911042,5.516147728375344,43.97985653020383
125.63969873139509,267.2587926377938,5.375060438742203,7.825115736903658,5.705043019027445,44.64262190790402
-273.2304377023179,-112.2232949746409,5.375763605650773,7.660668312365228,5.920408934317077,45.354289119366825
277.33510616213465,-101.83574480774477,5.376466551194014,7.57548299421037,5.644542248788377,42.76013381579831
-135.7374632280673,262.48229891790425,5.377169275580863,7.902876407338949,5.576391795633378,44.0695351597895
-77.23172641318746,-285.29495066646297,5.377871779019925,7.956019830391576,5.924785679799394,47.13771235930401
249.714148125932,158.23122661175853,5.378574061719476,7.792646338459209,5.310006758718929,41.379004725524716
-291.07557153118415,52.015507847125875,5.379276123887468,7.9727818069838055,5.5112694679842384,43.94014894773005
179.53137604237628,-235.02214174187986,5.379977965731524,7.872145100516584,5.9697697020260945,46.994893311017066
26.37980117968377,294.6308623075628,5.3806795874589435,7.998790026502014,5.530854937699027,44.2401473136964
-218.51725944018744,-199.47370567189222,5.381380989276701,7.542458338160948,5.247729353290249,39.580780017136
295.9317319159728,-0.5206932745556704,5.382082171391445,7.72235598416228,5.319511077299914,41.07915820060453
-217.90427888172658,200.32446587639393,5.3827831340095,7.748470303971226,5.359480559681343,41.52777596140197
25.36385427761408,-294.9663417232197,5.383483877336873,7.9749279510457765,5.566048727576447,44.38883757443219
180.58176451777197,234.68061661079562,5.384184401579247,7.871716040547412,5.981563586655171,47.08517003262782
-291.7402105738332,-51.07552083823445,5.384884706941975,7.622452305158093,5.6390905490534795,42.98369875462791
249.67279884352754,-159.43915074655155,5.385584793630103,7.934154917604888,5.950872757558425,47.21514635342314
-76.41714640589134,286.276186861011,5.386284661848348,7.915846103847312,5.743322699777633,45.4632586161726
-137.05747217799984,-262.76447074212393,5.386984311801109,7.939318261547477,5.756655822847447,45.703922699776356
278.6142877415271,101.19424366104305,5.387683743692472,7.898955972210718,5.567261360401435,43.975552371600884
-273.853745631395,113.60720485353416,5.388382957726197,7.8884945760579575,5.408595799837391,42.665678631107106
125.21649077272123,-268.811406617582,5.389081954105732,7.975703544352726,5.648292159278704,45.049103794298865
89.26715462114852,282.8539978288954,5.389780733034208,7.834870840385745,5.932707245988555,46.48199500614095
-256.94089101946633,-148.29919350761824,5.390479294714439,7.689473889043767,5.027868669128185,38.66166484880241
289.69453915185073,-64.22309359666576,5.391177639348925,7.718592955838575,5.848298778014484,45.14063775162194
-170.26470540787108,243.0919940182725,5.391875767139852,7.862913259101495,5.8797165943188325,46.23170156922863
-38.66634210517775,-294.3211738191196,5.392573678289089,7.981321458541698,5.710510722455241,45.57742176836447
227.3692032700713,190.9437951161019,5.393271372998196,7.507721258155094,5.9854629716953935,44.937187592497665
-296.6966273944139,12.792306928564262,5.393968851468419,7.672285663583987,5.5244545527027515,42.38519346382261
210.1769503225222,-209.8914527345065,5.394666113900694,7.839893844106474,5.245445339742863,41.123734628647064
-13.201012971151181,296.80084637912177,5.3953631604956405,7.981327718786736,5.942213585975924,47.426754004700776
-190.79122301439358,-227.81560828617916,5.396059991453575,7.935866764150075,5.5314501316259115,43.89685125712363
294.6311660519913,39.114541824345174,5.3967566069745,7.743412533959283,5.012032796774856,38.810237579161424
-243.7233034371326,170.2135371216917,5.397453007258109,7.571452888577007,5.2225817968472565,39.54253203156886
64.74965192288494,-290.20234516107763,5.398149192503789,7.842207653852969,5.967118812375225,46.79538482185903
148.3148592825174,257.77672319429666,5.398845162910619,7.815146446052144,5.831277843533525,45.57229031483364
-283.54646709301994,-89.90968630412155,5.399540918677369,7.540238222263519,5.1360543826146285,38.727073567414884
269.86666383011857,-125.26190514345812,5.400236460002506,7.7470572232783,5.632875212849927,43.63820660553432
-114.40146757535264,274.7127081680795,5.400931787084189,7.9159747927114275,5.9612528653244805,47.18912741488736
-101.23037242752798,-279.8988789729047,5.401626900120272,7.857377520757638,5.628994549227699,44.229135235569004
263.7669747286029,138.03678130105163,5.402321799308304,7.798479022485679,5.728633817235573,44.67463065121367
-287.7948141546697,76.40360170537048,5.4030164848455335,7.8109958709768295,5.601234992318366,43.75122339736969
160.63382256074115,-250.7914116958464,5.403710956928903,7.868869787067107,5.8563138874076275,46.0825714122034
50.97117749096989,293.49222168066285,5.404405215755054,7.934905678673654,5.95211484600914,47.22946989171569
-235.88378625767794,-182.01859455846855,5.405099261520327,7.633404479966754,5.3937140397856265,41.17240091495918
296.94565100959164,-25.127480336950747,5.4057930944207575,7.8341757689127896,5.4794978728853705,42.927349461567744
-202.02624852339653,219.15675130997795,5.406486714652084,7.916139757060978,5.52817089533424,43.76177340838276
0.9297990111091309,-298.12681078406416,5.407180122409747,7.900695479067518,5.740020817574684,45.350156523165744
200.73699420019528,220.50235458237714,5.407873317888884,7.994795588039163,5.93492080519758,47.44847866875545
-297.02479963163904,-27.001172042064418,5.408566301284334,7.680640030654482,5.833202350738353,44.80272748198882
237.30409380620432,-180.76427720535787,5.40925907279064,7.7597308968105745,5.45978889689657,42.36649259331164
-52.88687991599273,293.64620386061307,5.409951632602047,7.952384580048417,5.638535596533594,44.839803531927856
-159.3903770120819,-252.30136222762502,5.410643980912506,7.832494127731035,5.543327322901384,43.418078704716095
288.0150611936197,78.38842421364353,5.411336117915668,7.518436639852029,5.032227267558164,37.834481868471755
-265.37777829660234,136.77793124631566,5.412028043804889,7.5417748738458155,5.906836759716419,44.54803305833812
103.31008926693086,-280.1726907084374,5.412719758773234,7.847503005250484,5.74458891252632,45.080678754978905
113.09920081967415,276.43158597172027,5.41341126301347,7.9063622912953955,5.736427794405039,45.35427640042281
-270.1773901812768,-127.46044439390862,5.414102556718071,7.66525628699062,5.454138043162426,41.807365925465504
285.376446440418,-88.53475751170488,5.414793640079223,7.965306978985267,5.505684001799122,43.85446320361808
-150.65381450629266,258.1040030453364,5.4154845132888125,7.951030444551657,5.589360892672542,44.44117862322581
-63.272106788210756,-292.1421123089097,5.416175176538438,7.859808001704307,5.636298579855763,44.300224677944954
244.04335817880076,172.7117077907558,5.416865630019411,7.577947451068708,5.631035287452582,42.67168950342924
-296.6749789987194,37.50425636033933,5.417555873922744,7.731882430386494,5.575720280494863,43.11081367350789
193.46418948520093,-228.10158671399634,5.418245908439168,7.922752533645575,5.94096039823206,47.06875904738108
11.42824141359227,298.93850902391074,5.418935733759119,7.807085832653391,5.575058353893082,43.52495909089462
-210.39932100561126,-212.7511911756332,5.419625350072748,7.956366126279242,5.630754670562634,44.80034572625318
298.9135257941629,14.756382223100973,5.420314757569914,7.692190203313577,5.417541786105539,41.672761853122964
-230.42374552506797,191.07078180344337,5.421003956440195,7.8210196045735225,5.728942721911713,44.806173341550306
40.8490654432478,-296.5983745864162,5.42169294687288,7.948593306954441,5.857850084292895,46.561667973153014
170.2627605370745,246.3451369094702,5.422381729056968,7.896119804523925,5.777495864785348,45.61979951848667
-292.0089493442601,-66.64980207190582,5.423070303181176,7.529697090465,5.914177513104911,44.53196521291957
260.39195907275945,-148.13350442953487,5.423758669433937,7.918663938232843,5.261708265301397,41.66569949394386
-91.96066214917134,285.1785849917813,5.424446828003395,7.968236808609331,5.62978689749318,44.85947518123169
-124.85151290816675,-272.45507161861457,5.425134779077419,7.8307060941555084,5.800305718864278,45.42048934067555
276.1578159793546,116.58731053215782,5.425822522843585,7.6544142045663035,5.9339505852387076,45.42091564884569
-282.44044792580564,100.59425446771674,5.426510059489193,7.8628101199566425,5.655316048836885,44.466676260347874
140.3404991627139,-265.0140028049564,5.427197389201261,7.918611338247829,5.896500681195958,46.69209715010436
75.54681375786195,290.2699079002344,5.4278845121665205,7.91254222022485,5.808331232670716,45.95866610755769
-251.83082926812088,-163.03752154068874,5.428571428571429,7.942241536927989,5.015715650270732,39.83602517499998
295.88172985447534,-49.90047921011898,5.429258138602159,7.826505581507275,5.126755453592207,40.12458017256227
-184.5036182231348,236.7076742068774,5.429944642444605,7.8013266819750475,5.537062858238562,43.196436215749515
-23.851281983176605,-299.2311367276993,5.430630940284384,7.845196306083181,5.540968637087963,43.469986683805246
219.75886243325755,204.57332253635627,5.4313170323068345,7.69958291208957,5.979905088133853,46.042775032512886
-300.29065281838575,-2.401502612490825,5.432002918697015,7.613609287507012,5.569325532740823,42.40266860122547
223.09173613743042,-201.11280051282847,5.432688599639706,7.792848452259069,5.742108337362156,44.74738006951657
-28.65687975332217,299.05032819186584,5.433374075319418,7.842076513416505,5.861317289844182,45.964898656369144
-180.91100392103456,-239.9157245913608,5.434059345920376,7.873486637917324,5.834308432299059,45.93634948319501
295.5178289369271,54.71367413833286,5.434744411626541,7.845639881861387,5.734982801791822,44.994609791527076
-254.91502373537168,159.30702294706694,5.4354292726215885,7.911429942799083,5.362176299770267,42.42248213657008
80.37207163573534,-289.71839247268974,5.436113929088924,7.868849748241522,5.84349601473037,45.98159214436141
136.46527549808053,267.9732482784409,5.4367983812116805,7.891287489786565,5.713870395647006,45.08979397143103
-281.69464814089724,-105.4351517251179,5.437482629172716,7.957874412783927,5.243922180466868,41.73047414256739
278.98879482686147,-112.55979567678527,5.438166673154617,7.89394576868348,5.938244572321965,46.876180615088614
-129.71039898095893,271.5063043517076,5.438850513339698,7.822762774768212,5.610202254554414,43.88728135584897
-87.77290765818778,-287.87563232977476,5.439534149910001,7.8351762036923365,5.504756507136009,43.1307371918326
259.2297045751089,153.0111819945959,5.440217583047299,7.746077011983476,5.145528787122359,39.85766225242772
-294.5639737961275,62.29383497149371,5.4409008129330925,7.674119558586616,5.650202463279264,43.360329233425674
175.1581883721922,-244.95725547736515,5.441583839748613,7.8947088797988645,5.841851457462305,46.119716575693595
36.31725579639062,299.00082403983134,5.4422666636748245,7.80865379023942,5.858503131362175,45.74702268184076
-228.7967314846755,-195.9808047739737,5.442949284892421,7.550688915997053,5.052014956898679,38.14619333850619
301.1503991561433,-10.041815305196923,5.443631703581827,7.768557971811135,5.8160937919109115,45.182661791950764
-215.31843137259756,210.8704610069525,5.444313919923204,7.770476325232753,5.6482951373975325,43.88994364307481
16.33139357961462,-300.99441441222547,5.44499593409644,7.861528304234268,5.646197755331462,44.38774346484228
191.31440046598263,233.02172060287316,5.445677746281161,7.868311857423264,5.719549747293377,45.00320109575071
-298.53223824097654,-42.60036939189131,5.446359356656728,7.609641309880958,5.874888011800401,44.70579050552074
248.95373064745002,-170.27710313719356,5.447040765402235,7.992025919579185,5.60903678324784,44.82756735558979
-68.56374950942286,293.78091105188395,5.44772197269651,7.84074988554982,5.948642236024799,46.64181593128827
-147.91859062616476,-262.99098474919543,5.448402978718119,7.96596054938521,5.941631069754686,47.33079870066727
286.7750286079606,94.0223538678492,5.449083783645363,7.723936643928166,5.565751501172077,42.989511970901205
-275.0244281559073,124.4091355535975,5.4497643876562805,7.576531246917056,5.14395034255292,38.97330050294189
118.78071316481328,-277.56649075589166,5.450444790928649,7.959662760004605,5.761735062112774,45.86146800691187
99.92796470990437,284.9602752813188,5.451124993639979,7.9925342839002065,5.833851508843507,46.62725819161468
-266.22411732935524,-142.64856982789937,5.451804995967525,7.749041618843005,5.841959323957075,45.26958593693132
292.7207405021302,-74.66189255755312,5.452484798088279,7.688987758572697,5.179405846916913,39.82438815362399
-165.4423402194726,252.83313406517928,5.453164400178972,7.890631491403636,5.543062222221572,43.73826132947136
-48.8038955010285,-298.2446468976921,5.453843802416073,7.920124364764782,5.932717704822442,46.98786204323562
237.4945323707206,186.9865268396381,5.454523004975796,7.627251518340349,5.450433889589902,41.57183015998827
-301.487908170194,22.551637806538775,5.455202008034092,7.80221219631224,5.4967855485784565,42.8870872476317
207.11506966303799,-220.32430775093775,5.45588081176666,7.92919586747141,5.677210095696911,45.01571082956692
-3.8940395672108363,302.4238799516867,5.456559416348931,7.950584231770983,5.629589206802299,44.758523178950476
-201.4525826375984,-225.6726262032871,5.45723782195609,7.883017118931201,5.77983594903137,45.562545730828255
301.043577702597,30.330655672566124,5.457916028763057,7.76856333560765,5.237869729333543,40.69072273598972
-242.5157704370765,181.02262025374696,5.4585940369445005,7.806115378241075,5.519236555215702,43.08379734981959
56.55564005234488,-297.3557594268353,5.459271846674833,7.8059339514803705,5.619235255785333,43.86337926449021
159.18973698707433,257.5141013342745,5.459949458128209,7.913333828244976,5.676322052573272,44.91863131864103
-291.38687246374946,-82.36788511899873,5.46062687147853,7.938845278498229,5.790648863061449,45.97106538595652
270.55125242608443,-136.12012152971204,5.461304086899444,7.675968180241656,5.568210956319483,42.74141012158131
-107.569288538341,283.1808646582884,5.461981104564348,7.946667139133117,5.545591044475871,44.06896612020731
-111.98956976315473,-281.5257945952701,5.462657924646379,7.887440553622886,5.588135516229988,44.076086689852765
272.7988612508938,131.96627378519722,5.4633345473184285,7.910092106401097,5.807202817839904,45.935509169665636
-290.3520250849197,86.98214501991758,5.464010972753131,7.832739671701148,5.069088915674162,39.70485384918157
155.37127719932607,-260.31870985897064,5.464687201122874,7.833155471613647,5.896431374018414,46.18766368038672
61.28877393310964,296.96063658900897,5.46536323259979,7.971156603409638,5.523345960356609,44.02745562481254
-245.83439693486685,-177.60419011670754,5.466039067355764,7.598232935856283,5.347362324125988,40.63050453113108
301.2992612025336,-35.10578858683699,5.466714705562426,7.740123830557898,5.644831901892027,43.691697923327936
-198.4937449869316,229.45534007318432,5.467390147391166,7.986686202011566,5.742776613298634,45.865754738666915
-8.633426100342664,-303.3328849642423,5.4680653930131164,7.905488254195525,5.900351250776777,46.645157508643685
211.30556149538037,217.8788348081948,5.468740442599165,7.979428987321713,5.990738516695911,47.80267257558803
-303.04412971371175,-17.92570288624405,5.469415296319951,7.7068563075581915,5.921396684031009,45.635353383878545
235.60975571430652,-191.52274895464396,5.470089954345864,7.731153649111141,5.546696262833198,42.88236105291401
-44.36816510937122,300.4333999991273,5.470764416847054,7.821776135718811,5.748348171152421,44.96229254492288
-170.2572111719111,-251.54936312932912,5.471438683993413,7.883119822577641,5.8185433237272,45.86827421380068
295.5188938048798,70.49126308988345,5.472112755954597,7.832280579548672,5.935006527677134,46.484636366220215
-265.57413256062387,147.6707357279106,5.4727866329000125,7.779649269662417,5.299241201760155,41.22623794503838
96.09458911156207,-288.3364769110872,5.473460314998823,7.882915723990105,5.576550283817494,43.959475917926405
123.93535809003681,277.5751168251944,5.474133802419945,7.8429774407481005,5.7939528824676225,45.441841749950996
-278.93942174238595,-120.98156285545993,5.47480709533205,7.582282988753946,5.065506532929165,38.408104014050785
287.45879229179474,-99.23205114079427,5.475480193903573,7.60291071317578,5.355959287372193,40.72088024529536
-144.96094089117946,267.39801260281183,5.4761530983026985,7.92838337434253,5.800439380553991,45.98810714866594
-73.74934519122853,-295.1477875663305,5.476825808697371,7.842554732720512,5.861371587829129,45.968127486362874
253.79902021932253,167.8482864328643,5.477498325255297,7.52748159111182,5.598230115119865,42.140574134372585
-300.5814889441756,47.68188900336285,5.478170648143935,7.976889229251323,5.12617272465546,40.89091199458604
189.46738806332817,-238.2450495206358,5.478842777530506,7.866991185458287,5.642995086764167,44.39339260715813
21.22896280599981,303.7165178933324,5.47951471358199,7.800420624932784,5.940128016869655,46.33549709753113
-220.85376555284282,-209.65161651223383,5.480186456465129,7.9909094352819325,5.336664917412123,42.64480604148661
304.5270768097087,5.407045335271276,5.480858006346422,7.969720720969357,5.987900047982655,47.72189108750077
-228.24520904068956,201.7570033712192,5.481529363392129,7.92416579979771,5.275290892133707,41.80227967143028
32.022188143349105,-303.00516029268414,5.482200527768275,7.946948375803462,5.654048546681001,44.93243191476051
181.09976864157127,245.1044715315442,5.482871499640645,7.911691187617092,5.84642438581637,46.255104292333044
-299.1606302179277,-58.41252089908858,5.4835422791747845,7.887956796728491,5.01128879698431,39.528829526541735
260.09888900789707,-159.03913652743327,5.484212866536005,7.625856649609066,5.014088612656974,38.236720988559284
-84.37566439400126,293.02115392719907,5.484883261889379,7.8553682601514625,5.94018967084081,46.66237739960246
-135.74305722497576,-273.11213599718207,5.485553465399745,7.885875025166223,5.703766534398645,44.979190062993176
284.6320059036676,109.71235708696885,5.486223477231704,7.575825658161823,5.032192157503421,38.12301046361512
-284.0429789193553,111.38907722952344,5.486893297549621,7.913702302365714,5.47615515368914,43.33666164786162
134.22798455931618,-274.0557343480493,5.487562926517628,7.904116097902515,5.547849060358906,43.850843066716166
86.16298607053088,292.806063499439,5.488232364299622,7.819296054532718,5.817966143538343,45.4923997115743
-261.3716951075931,-157.73407452748967,5.488901611059267,7.715959888387847,5.4021329513692695,41.682641164503536
299.3325810806822,-60.25739883066842,5.4895706669599935,7.535241744916078,5.13541843673307,38.696619382082694
-180.04974592761818,246.67545642865974,5.490239532164997,7.878950942534821,5.874086290344423,46.28163771384007
-33.87028526482988,-303.5708086382307,5.4909082068372435,7.901526992801949,5.862010931286932,46.31883760566378
230.07807899653247,201.00310092952037,5.491576691139466,7.691069426755349,5.677770246286796,43.668125153357565
-305.48651825739887,7.203456752497896,5.492244985234162,7.746043707108282,5.900973015665045,45.709194893808004
220.43254916668891,-211.70527668551912,5.492913089283606,7.6337579157529065,5.8393504712359565,44.576187882652945
-19.538977351274685,305.063252838048,5.493581003449835,7.989702422661925,5.702309598158136,45.559756811172406
-191.69646436099472,-238.18805398021374,5.494248727894659,7.874886261130145,5.728274331375914,45.109508832136655
302.3024658095738,46.1521721575993,5.4949162627796575,7.512819996210521,5.490330059529124,41.247861457026104
-254.13229106463845,170.2036999456937,5.49558360826618,7.62600239045369,5.903442959237347,45.01967011905102
72.43211651646735,-297.2235236817734,5.49625076451535,7.965041493028635,5.5764486109546505,44.41664456999569
147.390528778603,268.1417105679187,5.496917731688061,7.881844440551664,5.971539243266563,47.06674338607665
-289.863571307419,-98.17719709723318,5.497584509944977,7.784992268907796,5.631906916910869,43.84435180735946
280.10749443092215,-123.43073904990933,5.498251099446535,7.905149692001955,5.174802021614724,40.90758460733873
-123.18974528430054,280.277260784684,5.498917500352949,7.809681777652291,5.733610826930126,44.77767599522609
-98.50703778380489,-289.9364015487225,5.499583712824202,7.97361784668233,5.502028610411136,43.87107352093102
268.53634597355824,147.27755501805854,5.500249737020051,7.844707970090965,5.888127126646138,46.190637799309776
-297.5514941902166,72.80965745720434,5.500915573100032,7.6543985147917475,5.33023766411073,40.79976325965621
170.25535992481943,-254.7291456320506,5.501581221223452,7.936555652818931,5.789398854097487,45.947886201910855
46.53490388181146,302.892740017844,5.5022466815493924,7.903892464542549,5.765488935196003,45.569804549299135
-238.95987918736776,-191.9462583827355,5.502911954236713,7.5535816709790655,5.710177545858728,43.13229244843471
305.9174849984935,-19.883656435288906,5.503577039444048,7.981470640293962,5.86260209456413,46.79218649348949
-212.18307556116682,221.34788013663814,5.50424193732981,7.987061479130446,5.793150230165656,46.27024704617179
6.940167899036325,-306.60079348281636,5.504906648052186,7.956561292330809,5.743540325849717,45.69883063759694
202.02669301357838,230.80965194580142,5.5055711717691445,7.909285692439847,5.729445689673471,45.31582281894554
-304.93565274557704,-33.731174938391796,5.506235508638427,7.603328770052988,5.471215119646484,41.59944732635701
247.68204841742062,-181.14306075452984,5.506899658817557,7.581831074156041,5.676984512176453,43.04193758192201
-60.28406621088254,300.9330403166111,5.507563622463836,7.948776071855163,5.831602203041032,46.35410005211041
-158.85581014261575,-262.669658584357,5.508227399734342,7.817697760249473,5.97199757978779,46.68727210372228
294.62185348248823,86.39521232321911,5.508890990785938,7.666606889298943,5.733549173110298,43.95686759070166
-275.65621977261884,135.3346437958593,5.509554395775262,7.585086976166565,5.65302436878665,42.87868151563584
111.86421472654737,-286.0487013950503,5.510217614858736,7.88611152040446,5.855120288897175,46.1741315636259
110.75884788788971,286.54071484801153,5.510880648192561,7.812108381131379,5.6879473307137385,44.43486101370265
-275.2775612765163,-136.49544390091262,5.5115434959327185,7.90401858500253,5.341160707176742,42.21663349501023
295.2381578755176,-85.31592544274642,5.512206158234974,7.833897858309425,5.48160513702094,42.942334743006285
-160.09954215062368,262.38930125374526,5.5128686352548755,7.933276446791504,5.721549147436925,45.39063109052137
-59.20016562322504,-301.680257506378,5.513530927147752,7.827247103707115,5.623087549076274,44.0132957323988
247.48107337851425,182.49487946516646,5.514193034068718,7.81471714549811,5.824470296310139,45.5165878880193
-305.8159529159974,32.611159930692644,5.514854956172667,7.912933952806047,5.239384796634205,41.45890584910261
203.5089512514063,-230.66558138843382,5.5155166936142805,7.899692762661568,5.547474841614757,43.82334685735122
5.752276649464177,307.6118180888673,5.516178246548021,7.803072672408469,5.689587563925225,44.396265237339996
-212.07022872672937,-222.97970717998902,5.516839615128141,7.831373843719441,5.931130997127563,46.44890415457841
307.0523312527311,21.170894802576896,5.517500799508674,7.561431919236176,5.316797586869457,40.20260298147259
-240.75680090881636,191.836153261131,5.518161799843439,7.836345995126381,5.046333173992256,39.544812758087616
47.952117715992884,-304.1400072955072,5.518822616286043,7.988752584184104,5.507415932941978,43.99738326646693
170.11715601545743,256.70275104530464,5.519483248989877,7.945355818174882,5.687615243039164,45.190126862821366
-298.8953920471683,-74.38608807493868,5.520143698108125,7.690490682958378,5.728655519292988,44.056171897000816
270.6940043823083,-147.07853204540322,5.52080396379375,7.7113161946537065,5.938536815570595,45.79393511845678
-100.27000857982038,291.3569183668062,5.521464046199505,7.99240721599921,5.670690914660934,45.32247098603721
-122.89581234623856,-282.6218931849905,5.5221239454779365,7.835505019910832,5.761599587356185,45.145042489445565
281.58062503439174,125.40514463848734,5.522783661781373,7.848592827159892,5.7178425110247275,44.87701771885858
-292.3934791119216,97.75342636876353,5.523443195261937,7.737409511685454,5.06219977239544,39.16831266898442
149.59835038617192,-269.63974049915106,5.524102546071534,7.943751286294623,5.5662587728670205,44.21697528681113
71.84329533558771,299.93227721713475,5.524761714361866,7.918194106006477,5.642617427644052,44.679340058020564
-255.62413457394612,-172.66355301521207,5.525420700284423,7.929931895815141,5.0126975163987115,39.75034991936349
305.17885439420905,-45.36336708786606,5.5260795039904815,7.509421716209275,5.394379623676233,40.50867149151112
-194.4231840064162,239.6396421796008,5.526738125631114,7.834453390083843,5.676116337987296,44.469268886654866
-18.516103648819875,-308.091297581692,5.527396565357183,7.867024349006388,5.743987749714695,45.188091487399916
221.80726422696728,214.70954625244107,5.528054823319343,7.960334499911061,5.594283457338894,44.532367607736525
-308.6455480440206,-8.49306693884145,5.528712899668038,7.954315413506557,5.908935973005139,47.00154048749815
233.36610654676304,-202.26225167010395,5.529370794553509,7.787825510435684,5.73145147551003,44.635544012801255
-35.457322662021795,306.83559906593337,5.530028508125786,7.9247340044983146,5.55076403302383,43.988328483450154
-181.1530796639689,-250.24870347608805,5.530686040534693,7.807817026028882,5.521830031261405,43.11343853292039
302.6735554433777,62.17003144137523,5.531343391929852,7.912115874185314,5.422652334422362,42.904653615371224
-265.2266613950983,158.64031960757873,5.532000562460674,7.854737824138896,5.035403548572634,39.551774712776684
88.42633475917357,-296.18955421208983,5.5326575522763655,7.977028061712114,5.887557848054678,46.96521416888556
134.8954176421101,278.1838018754228,5.53331436152593,7.869802779722402,5.6389623579863715,44.37752163963114
-287.4315471182777,-114.02471887270616,5.533970990358166,7.796064723539568,5.50023306113616,42.88017293916967
289.0193448002203,-110.09938889683933,5.5346274389216665,7.639667562104869,5.840280247198355,44.617799558123075
-138.7685615611666,276.46494639600235,5.535283707364821,7.9807638118149145,5.685678775661867,45.37605941840636
-84.44143742853065,-297.6486921158636,5.535939795835816,7.836089642036904,5.633722708621199,44.14635616313467
263.37213646481496,162.4676425325895,5.536595704482634,7.931427584907559,5.073332838489355,40.23877202261183
-304.004088146504,58.11751237683757,5.537251433453056,7.879349687118478,5.605547389949421,44.16806807312577
184.9396058871628,-248.2518551909062,5.537906982894659,7.845983306436549,5.987951044649176,46.98136393607673
31.32881135499781,308.0351513189689,5.5385623529548225,7.949796482200617,5.996078396797935,47.66760294586334
-231.21844935755877,-206.01136339215554,5.539217543780719,7.697553679636137,5.032124862619044,38.73505125264171
309.7092731273119,-4.280242507711615,5.53987255551932,7.70055393796228,5.301836003834405,40.82707411775722
-225.5204277690842,212.4010099583496,5.540527388317403,7.6063911151074635,5.256718942467394,39.98466025860109
22.8211430066303,-309.0118811809011,5.5411820423215365,7.974490233264271,5.8582653406691945,46.71667974303708
191.94239385189232,243.31616572223825,5.541836517678094,7.965038464187682,5.507427632506885,43.86687293164744
-305.94656421943586,-49.767736116815314,5.5424908145332505,7.8444686369581005,5.631994642599224,44.18000533738566
259.26096104531143,-169.99813919280285,5.543144933032977,7.535382054383196,5.902489714772768,44.47751507288011
-76.35296038659365,300.5350580347857,5.54379887332305,7.936542878159269,5.572464177188483,44.2261008792629
-146.73528287327437,-273.2312788250318,5.544452635549043,7.8524376479329865,5.64654696527317,44.33915797093279
292.8170923049462,102.3728558225023,5.545106219856338,7.999794868863366,5.937427373538079,47.498201037078815
-285.11862251218815,122.33108896682846,5.545759626390113,7.84666700363756,5.8260266998532035,45.71489146804956
127.62764379753973,-282.85009941155437,5.546412855295352,7.95546417499662,5.553120368610281,44.17765015192311
96.97169785461448,294.8303764455857,5.547065906716842,7.806918704809174,5.961962159915686,46.54455390361027
-270.7087873711245,-151.9232610823205,5.54771878079917,7.94992302367957,5.420838976348014,43.095252585728666
302.2905272870448,-70.85070632973859,5.548371477686732,7.8297604751987295,5.995206415885282,46.94103023575642
-175.07285120307625,256.4845800534874,5.549023997523726,7.907566659929027,5.572721053723871,44.06666320951144
-44.167689511733684,-307.44025874892225,5.549676340454152,7.916447985326606,5.645054008172001,44.68877643005312
240.28492887942733,196.89820166596323,5.550328506621817,7.610889587221632,5.556994160463317,42.293668992121674
-310.2384149627497,17.126675857272147,5.550980496170334,7.914764231399316,5.8862583915047635,46.588347373855974
217.23111598869656,-222.23250118094123,5.551632309243122,7.9987487227429614,5.768064478773861,46.13729838229147
-10.065413078973725,310.661828841064,5.552283945983403,7.940095125894351,5.598520811169389,44.452787804984155
-202.46425135149107,-235.91470998049854,5.55293540653421,7.850489791741377,5.5171607108341645,43.31241383980021
308.70551281668634,37.200346200682326,5.553586691038378,7.565272693103013,5.532165577746761,41.852341179052026
-252.80462227584107,181.1303818216996,5.55423779963855,7.760101883687646,5.614759457901671,43.57110544571578
64.07017762333729,-304.3827103966878,5.55488873247718,7.919236470693626,5.678001785866695,44.965438823299074
158.39320174256125,267.7701297825006,5.5555394896965264,7.831300610617136,5.55877272617482,43.53242024477475
-297.72480803402175,-90.46884040998629,5.556190071438657,7.676601921265065,5.066684141906374,38.89491721820171
280.69515942475346,-134.4258920490847,5.556840477845448,7.965687385792096,5.134095420499524,40.89659912852603
-116.19372707337922,288.7811078901204,5.557490709058584,7.812528007640303,5.974173355669101,46.673396663663304
-109.41118630108421,-291.47918835140405,5.5581407652195605,7.9078660866697845,5.623314190789175,44.46841558403066
277.61846312846575,141.04724472107947,5.55879064646968,7.792219431842794,5.382524871843271,41.94181489875428
-300.0380256275528,83.53997735027501,5.559440352950059,7.687631783377649,5.369976566321345,41.28240252724514
164.83833290566375,-264.32077843405887,5.560089884801619,7.814531002456955,5.516505757869871,43.10890527010641
57.00986045870771,306.30446933236755,5.5607392421650985,7.912556155150005,5.523924800418227,43.708365180135004
-248.9883794887345,-187.3839325192958,5.5613884251810415,7.91975909643157,5.801814183285808,45.94897065388348
310.2288339357187,-30.023623988422028,5.562037433989804,7.575083768045789,5.492092022537898,41.6030571325406
-208.5103944387186,231.73725613945427,5.562686268731559,7.835599555424478,5.776358919471275,45.26123538138134
-2.7876991921668592,-311.779343817135,5.563334929546286,7.892940775886189,5.911821020829372,46.66165319504527
212.69818496831053,228.05481708031337,5.5639834165737785,7.828602499425806,5.743620988469434,44.96452562608633
-310.94238981355846,-24.48941904308826,5.564631729953645,7.554878652844496,5.56381467039856,42.033944681777115
245.8663025619038,-192.01573790152165,5.565279869825305,7.568140221780658,5.839288751708363,44.19255606839543
-51.59876841686569,307.72264673001496,5.565927836327992,7.920252250421007,5.9213033510566575,46.898216191631946
-169.84718437303798,-261.8071217843891,5.566575629600752,7.891276266494686,5.898401376891951,46.545914795727036
302.1430508115395,78.33252017832885,5.567223249782449,7.501498515668802,5.528304484393107,41.470567883840076
-275.75377943739574,146.36129537974278,5.567870697011758,7.970308975081786,5.712978189999635,45.53420134220059
104.48557256486646,-294.24463724738365,5.568517971427169,7.875917520641471,5.961742468691842,46.95419196272241
121.7370585232809,287.59797069370467,5.569165073166991,7.832902791613954,5.83518964689646,45.70647327477212
-284.0862388514356,-129.85712449789756,5.5698120023693445,7.8395222211484885,5.386962740673382,42.23121411000794
297.2474221814583,-96.16231382242795,5.570458759172167,7.76595506226355,5.305133311111754,41.199426893411314
-154.2522174601676,271.7440481277064,5.571105343713215,7.920509223885565,5.870853103508672,46.500146158417635
-69.8323206942888,-304.62661070480243,5.571751756130059,7.952683545905681,5.610595947946108,44.619294077956106
257.3110459784895,177.48323371396185,5.572397996560085,7.5843256740578475,5.970325479612963,45.28089281751033
-309.67735411595936,42.948267037723376,5.573044065140499,7.632032141031182,5.284767711845907,40.33351703469178
199.3713393457525,-240.8963013373412,5.5736899620083244,7.8859137446446015,5.815930915942283,45.86392954793271
15.7157318040839,312.35926971764775,5.574335687300402,7.908283497140955,5.573661386140899,44.07809435866985
-222.6241470014835,-219.74786103738938,5.5749812411533926,7.555507507607638,5.829018624922719,44.04119398258836
312.65009658680896,11.656887194917346,5.575626623703772,7.960049202465145,5.543026247540902,44.12276166098132
-238.45558596392323,202.6332378909681,5.576271835087838,7.88760474158208,5.681973097459184,44.81715794506088
38.959968217460386,-310.5458792510396,5.576916875441707,7.953596895758692,5.647730228721821,44.919769615244405
181.07549886762504,255.34997479974248,5.577561744901315,7.883913221648853,5.615319295685984,44.27069003903865
-306.06101121001007,-65.9842710522915,5.578206443602419,7.543433441660216,5.315530445715813,40.097350124375694
270.30027847351636,-158.11497009847673,5.578850971680593,7.764538911889462,5.472609585666303,42.49229007748528
-92.5225407126178,299.228137867346,5.5794953292712375,7.846021679053872,5.796223930111732,45.477298612307486
-133.92655873936283,-283.19055004346217,5.5801395165095675,7.970471867271413,5.925823730608512,47.23161133522447
290.097919515752,118.3710970707204,5.580783533530624,7.975231552159978,5.087809998231388,40.57646282928997
-293.9205438621535,108.69470643887966,5.581427380469268,7.727232539278565,5.395107107178069,41.689247191479424
143.33139823971646,-278.73865609130286,5.582071057460183,7.8337836323286565,5.9776733275533,46.82779947279462
82.61198281479344,302.4064950583803,5.582714564637876,7.991877349048083,5.5644111910325265,44.47009175840251
-265.2357764735912,-167.21156570137262,5.5833579021366715,7.690074864455346,5.778958332021829,44.44062221181586
308.5817732759298,-55.87761562978794,5.584001070090723,7.551464188549207,5.480476125735699,41.38561919969203
-189.82785946347923,249.69119614865707,5.584644068634005,7.93679923356655,5.691737849655276,45.17418060280571
-28.695968886292054,-312.39740556862733,5.585286897900316,7.996738876229758,5.598045959085502,44.76611175193993
232.2225480633516,211.00609190491886,5.585929558023276,7.9119685538081335,5.557584021077066,43.9714300099083
-313.82246435022387,1.2749804673643685,5.586572049136334,7.601089826080033,5.386238776434711,40.94128476439565
230.5829694283937,-212.96229247521737,5.58721437137276,7.868368104560236,5.893624838456477,46.37320969915491
-26.17542873099045,312.84431732912856,5.58785652486565,7.966978006380737,5.875368304266157,46.80893005947496
-192.0567125336082,-248.40735158634268,5.588498509747923,7.881980694639748,5.536920575588885,43.6419010845452
309.4687374136564,53.44496200364334,5.589140326152331,7.943621377426934,5.359602059758441,42.57464949639858
-264.3414179707498,169.6648032084433,5.589781974211443,7.881276299669113,5.069519165803876,39.95428125216842
80.32455806995945,-303.719871645336,5.59042345405766,7.959944798209008,5.712589225686153,45.47189489130532
145.95706200590604,278.2617338575919,5.591064765823205,7.98735632178518,5.762903193366525,46.030361253372114
-295.64006929767817,-106.60799399120077,5.591705909640132,7.582590996235565,5.605435461596922,42.503724461084374
290.06020636627875,-121.11419066920836,5.59234688564032,7.508273826531544,5.106170120045603,38.338523466155834
-132.0934674806381,285.2895703573843,5.592987693955479,7.910957535210559,5.924232363019102,46.86635065256422
-95.32571775138719,-299.644923727751,5.593628334717138,7.881947367293078,5.715517343695651,45.04940687985986
272.7460566759867,156.58514646449214,5.594268808056665,7.614490676396231,5.202372321021009,39.61341553355629
-306.94087114557993,68.78855256064207,5.59490911410525,7.897731952500889,5.368288107363791,42.397300515757536
179.89467399419604,-258.1040691341531,5.595549252993912,7.95770482699842,5.944155246144289,47.30183289467039
41.70548151221647,311.8905176756761,5.596189224853502,7.827214338937028,5.62758681093036,44.048328180127015
-241.47429519025343,-201.84261694423395,5.596829029814698,7.524679842851622,5.318012466804731,40.016341212999194
314.4542695348639,-14.283618370111501,5.597468668008007,7.766632568768668,5.158147587105827,40.06143704453164
-222.25984735246305,222.98273218137757,5.59810813956377,7.900110350589207,5.981603005871272,47.25532381979915
13.267179776494462,-314.61078626912246,5.598747444612153,7.921919471058386,5.737937267814438,45.45547696561075
202.76973270113618,240.98884576819762,5.599386583283158,7.967320401382304,5.581165155787698,44.46693100919137
-312.3571572609122,-40.73591868620405,5.600025555706612,7.888349220704251,5.5637825161135925,43.88905947515259
257.8849165635854,-180.98893928692362,5.6006643620121785,7.7241318636380685,5.404903824479913,41.74818985056455
-67.91208299345845,307.70893712369116,5.601303002329351,7.9863092964154685,5.856310473329047,46.77030677584304
-157.8061165028669,-272.81730583146833,5.601941476787452,7.992258469176597,5.578108656632579,44.581686152959016
300.7000396122985,94.58724971316809,5.602579785515641,7.926515528623366,5.0517104267103825,40.04246114342842
-285.6702132329333,133.39788929685173,5.603217928642906,7.590562684136344,5.71147106907303,43.353279168430056
120.55668685396921,-291.38249076206097,5.603855906298071,7.938498864550905,5.978101654388818,47.45715319553552
107.95039723468665,296.3436899644995,5.6044937186097865,7.905656017237426,5.787514495876339,45.754098799173605
-279.8260430489638,-145.62092487755064,5.605131365706546,7.968350286882194,5.400679974469097,43.03450982391975
304.75441588221844,-81.65787486603665,5.605768847716671,7.9802076271418505,5.624702542713259,44.886294131764515
-169.58728894095788,266.11765342973354,5.606406164768316,7.930060576294372,5.7859007565803005,45.88254348810922
-54.72116905018318,-310.8363497412773,5.607043316989472,7.854185746847084,5.793732589846854,45.505051928218606
250.3608291660231,192.2713801508531,5.607680304507966,7.820551009790382,5.492926856413302,42.957714673627756
-314.54124747797,27.346204560495366,5.608317127451457,7.551483104557036,5.567423281624307,42.04230284710344
213.49849444121674,-232.67484635304675,5.608953785947438,7.829127446731308,5.705999459049787,44.67299697588068
-0.2575903090913864,315.8390444687418,5.609590280123243,7.966520243999495,5.703916641587247,45.440367395290416
-213.19384705216294,-233.10496815604665,5.610226610106036,7.935422420094968,5.604415320290155,44.47340298415421
314.71809874072954,27.878886097460025,5.61086277602282,7.668971752271658,5.464648841877764,41.90823760444461
-250.93943997271072,192.0658218615269,5.611498778000437,7.96710819715982,5.003056855097027,39.85989528110015
55.30607022865311,-311.1852931718542,5.612134616165557,7.805844389932624,5.926341719737047,46.260101265833086
169.45148564182546,266.8640194355379,5.612770290644695,7.8076447756854455,5.758100894418985,44.95720636618008
-305.2659957979476,-82.32886837331235,5.613405801564202,7.553829550530326,5.804720522530096,43.84786941565768
280.75535307819786,-145.5230549384658,5.614041149050263,7.917065692219748,5.391376305329704,42.68388038077226
-108.73995669528898,297.0038784313408,5.614676333228904,7.857887528051273,5.671299828001825,44.56443618629487
-120.4629364010564,-292.5055798920329,5.615311354225989,7.827539495165545,5.89365552299105,46.13282137711299
286.46059488148154,134.33655262063678,5.615946212167218,7.974302372223703,5.1066864574703095,40.722261932008145
-302.0231687398483,94.46233618972143,5.6165809071781325,7.7457806306561885,5.55655906622124,43.03988758823352
158.9219719221465,-273.7153211451606,5.61721543938411,7.988074734868749,5.918413967768672,47.276733086427235
67.71980097040506,309.2336312143275,5.617849808910372,7.852403950099665,5.788801082070679,45.45600448319301
-258.86416099354096,-182.30714016220415,5.6184840158819735,7.904128556381169,5.710032577271018,45.13283155187462
314.0801043903581,-40.4397016330971,5.619118060423814,7.846792362703974,5.340111342858304,41.9027449011294
-204.3120468782111,242.01942141727088,5.619751942660631,7.949052170896804,5.963568934847097,47.40472058783906
-12.830671313712534,-316.5237989138879,5.620385662717004,7.906820782378324,5.9424643399546335,46.98600054169538
223.3087633915764,224.76713132553294,5.621019220717352,7.8147694081536345,5.751042570828858,44.94307154750259
-316.54430889888874,-14.895990341295345,5.6216526167859335,7.6562635883423,5.985397636970622,45.82578198968822
243.51458910971235,-202.87423438267257,5.622285851046852,7.797474918122693,5.532785319311905,43.14175475469204
-42.527934461430235,314.13978116072997,5.62291892362405,7.914479087249258,5.554130572628583,43.95805026492066
-180.87118992772673,-260.4095896385841,5.623551834641312,7.881799596529514,5.882803727892503,46.36708004896545
309.32694239067246,69.85338940989419,5.624184584222265,7.715145185064292,5.1527971689887675,39.7545782679366
-275.3213950014325,157.46711247593373,5.6248171724903795,7.726774229611713,5.666185018448793,43.7813323807621
96.6627839537832,-302.1409839640448,5.625449599568967,7.868794631745155,5.736636083323397,45.1404112167307
132.840336471424,288.13437163130675,5.626081865581182,7.941816516540683,5.9530441363994155,47.27798424615255
-292.6353051656309,-122.75035470445877,5.626713970650023,7.755815362803784,5.544510745046739,43.00220161566415
298.748886922361,-107.17868938360192,5.627345914898335,7.898417864233838,5.735436046464302,45.30087052856434
-147.91572549771533,280.881116701519,5.627977698448797,7.992870458568757,5.551227869226423,44.37024524472346
-80.67805904149576,-307.08208385040683,5.628609321423946,7.920348906186291,5.855123334581938,46.37461969864188
266.9669074388073,171.9654465898534,5.629240783946152,7.732806420990046,5.529096858735232,42.75543569150369
-313.06852757508943,53.54089820075221,5.6298720861376355,7.961036625387922,5.392337827047706,42.92859893759151
194.71448184533347,-250.9977783649071,5.630503228120459,7.878521043633336,5.7851849395981105,45.578701287934365
25.974677760588147,316.6607189791134,5.631134210016532,7.981607048070771,5.838354581495032,46.59945207679703
-233.09464877866156,-215.9876324820942,5.6317650319476105,7.583365232326614,5.786751645336947,43.88305123535703
317.8294711163168,1.8096995504854705,5.632395694035292,7.783080334305804,5.880669291187426,45.76972151279691
-235.6208864189401,213.39334070826197,5.633026196401024,7.683981855123911,5.830646433560796,44.8025813991241
29.599512890163666,-316.56414558833376,5.633656539166099,7.97439655971625,5.9505756446202485,47.452249948791014
192.04354848843738,253.46268283203278,5.634286722451656,7.83192786473548,5.758473606655284,45.09994989830734
-312.87274694110863,-57.18185207064251,5.63491674637868,7.528717064222542,5.017336558519089,37.77410736507027
269.3750821702022,-169.20770131439747,5.635546611068007,7.817145048950226,5.424758306869997,42.40612254030041
-84.34524890735523,306.78187425940865,5.636176316640313,7.988097334083306,5.63721116470057,45.03059147640927
-145.0597274157026,-283.2348325966575,5.636805863216129,7.849381882217882,5.868310426439416,46.062609540523844
298.33653023142637,110.8812986473869,5.6374352509158285,7.611527536232457,5.048487057311859,38.42669825304238
-294.93432461227195,119.78372925324989,5.638064479859638,7.601180454642208,5.218551547656755,39.66715202559137
136.58625904419682,-287.59978904817154,5.638693550167629,7.932389069376388,5.85408736889866,46.436898656226106
93.57257983102471,304.38242646694925,5.639322461959722,7.961331657173577,5.503975551948762,43.818974802039094
-274.6523255852566,-161.26261480801864,5.6399512153556906,7.860458746800591,5.779478961328768,45.4293559535267
311.5051938741764,-66.62645082585415,5.640579810475149,7.601047360152263,5.920903997074336,45.005071696676865
-184.7205954182164,259.5918093795692,5.64120824743757,7.838967582025954,5.629077401436209,44.12615526657334
-39.15128376836098,-316.2464485027919,5.641836526362272,7.932458831106098,5.500083422311455,43.629185315134755
242.532167952026,206.7796346330463,5.642464647368422,7.604923847589515,5.8211049739965555,44.26906003606835
-318.5682207219474,11.357215952544871,5.6430926105750405,7.543641481419247,5.965450294976583,45.001218300530034
227.26976047109483,-223.60272503212929,5.643720416100997,7.561584870537345,5.599638800017079,42.34214403068304
-16.543026893559013,318.4510531125475,5.644348064065014,7.963784003484114,5.727277550422669,45.61080133956973
-202.94722020268853,-246.0329049638337,5.64497555458566,7.897059047240063,5.544545489469409,43.785603120448485
315.8941623232076,44.33575888065434,5.645602887781358,7.914586878041812,5.400040716914777,42.73909139898519
-262.9241235862796,180.72271739639638,5.6462300637703855,7.555953782449077,5.007520345043935,37.836592291825426
71.80797070992703,-310.9154579328118,5.6468570826708655,7.839998012800244,5.596665771409165,43.877848526155
157.09841053295267,277.81271495808045,5.647483944600779,7.936669716455511,5.582388081763995,44.305570434038465
-303.55141807680263,-98.74896236574364,5.648110649677958,7.740360963229556,5.270784614536615,40.79777547595016
290.5832321652565,-132.25433537947694,5.648737198020083,7.632379277535496,5.103177252275325,38.94938430985672
-124.95195923379406,293.8568226919871,5.649363589744693,7.903809409308258,5.706717162462574,45.10480480493262
-106.37999744192972,-301.13637787755835,5.649989824969177,7.886736407851404,5.598936792390355,44.157338645803776
281.90434632650874,150.2156992476183,5.650615903810779,7.590261257058459,5.941132415237447,45.09474719443094
-309.38977632167683,79.6729263455604,5.651241826386595,7.6059030884561265,5.8716575083518645,44.65925797713005
174.34597888001124,-267.78401353931423,5.651867592813575,7.981109367173578,5.942302823727404,47.42616872903279
52.33716773298135,315.27861610961315,5.652493203208526,7.814018016246823,5.520242432540454,43.135273821921295
-251.60252096868757,-197.15714610288742,5.653118657688107,7.555069414029589,5.537146732142987,41.83352791700737
318.75615890722935,-24.58172419490654,5.65374395636883,7.77724665145157,5.5439525382071775,43.1166863135782
-218.47352883751614,233.48243117411613,5.6543690993670666,7.902579987605308,5.610303854254549,44.33587496301693
3.3810428528982865,-319.7941099528223,5.654994086799041,7.902614883916475,5.910724716059402,46.71018111586401
213.56124434202135,238.13078790361854,5.6556189187808315,7.896981136390899,5.500627696112718,43.43835315451147
-318.3828474916727,-31.33703812544294,5.656243595428375,7.513562843343765,5.94297933575495,44.6529487158882
255.97718404697963,-191.99035488614368,5.656868116857463,7.57018222597291,5.79530643912148,43.87152579950378
-59.072071822106956,314.53150927183884,5.657492483183741,7.8349218582085145,5.589516211412631,43.79342274160767
-168.9339008603811,-271.8747492766521,5.6581166945227155,7.918041349348368,5.5572483854798875,44.00252250482921
308.2679353407332,86.37350082415684,5.658740750989748,7.6592607068420175,5.196961760051285,39.80488500372134
-285.7003534695718,144.56751492880264,5.659364652700052,7.699756762584573,5.7593003448514235,44.34521177802541
113.03185915965386,-299.638467482865,5.659988399768707,7.927883598516393,5.509230622085045,43.676539089272296
119.07698639801622,297.34665799695273,5.660611992310644,7.865218446369912,5.752019891791865,45.24089295680804
-288.7076067381166,-138.84246523291333,5.661235430440653,7.549183478755776,5.944326965022013,44.874814916666644
306.72294898712056,-92.65684450519132,5.661858714273383,7.93680144509724,5.6146918915279205,44.56269471845455
-163.60699348525242,275.5575315286161,5.66248184392334,7.88296999920822,5.821173716967434,45.88813777103368
-65.50887376549147,-313.7558437569253,5.663104819504887,7.882166189305043,5.942047458684495,46.836205574088886
260.28747999233406,187.1349984179892,5.663727641132249,7.848938417969954,5.291431608362519,41.53212083693712
-318.38986491155725,37.84057271073393,5.664350308919509,7.507988869882753,5.562613157748286,41.764037675837486
209.24537926556758,-243.01300116473712,5.664972822980608,7.993516442602619,5.727498060134724,45.78284991866152
9.863567792655886,320.587877623086,5.665595183429346,7.821268858864239,5.603679063440633,43.82788055395775
-223.8650806581709,-229.76777405360795,5.666217390379384,7.961288866077917,5.597026470312403,44.55954452124151
320.33138664363594,18.208005424212704,5.666839443944244,7.808132694524419,5.9129875172954,46.169391156108986
-248.54387231026075,202.9891474543666,5.6674613442373065,7.5265502419674215,5.247848263708313,39.49819361902212
46.15914139614762,-317.6206906818139,5.668083091371811,7.814256891229351,5.74526189552473,44.894952359021524
180.54396934112782,265.42863631543,5.6687046854608605,7.996524296402356,5.9013100642694925,47.189969309534746
-312.4748928626071,-73.77561151220156,5.669326126617415,7.749534690481397,5.136411579328284,39.80479971859488
280.29142146658006,-156.7004453828229,5.669947414954303,7.706317675059112,5.117532808216502,39.437333532653724
-100.8456061683413,304.9317670931198,5.670568550584206,7.9476776866584915,5.600222625358114,44.50876439987872
-131.64030460913926,-293.01698710666074,5.671189533619671,7.805885594906216,5.849920590073572,45.66381086540057
295.04748126077516,127.16135941609022,5.671810364173108,7.852770772385524,5.483864733258158,43.0635326970454
-303.5063899933654,105.5547208315362,5.672431042356785,7.672165162916953,5.108056319460413,39.189851744381976
152.52074372306504,-282.8961792885083,5.673051568282837,7.833714849252872,5.927712648383658,46.436010595747135
78.642854146345,311.67775348312125,5.67367194206326,7.849571003965292,5.561598766660906,43.65616441447058
-268.5694251545987,-176.72882260345014,5.674292163809907,7.817007876375382,5.718973966952432,44.70526454445292
317.46690645108913,-51.11033025248129,5.674912233634505,7.8239180800226125,5.729601709649421,44.82793440745457
-199.5993491910913,252.1755130448252,5.6755321516486354,7.9108088119732844,5.756957430921395,45.54218957468805
-23.16766919584369,-320.82788696279647,5.676151917963747,7.82471352996939,5.860106522624719,45.85365479464351
233.83864883342824,220.95619923415956,5.67677153269115,7.810825899379431,5.032639815698794,39.309073414708266
-321.7333067462392,-4.97132445209905,5.677390995942021,7.970371741522064,5.88088428222449,46.872833898203346
240.63472748518404,-213.69800907903067,5.6780103078274,7.975032018190079,5.071721188806686,40.447138868066375
-33.091197670368736,320.1745735774909,5.67862946845819,7.926893331013918,5.642778512189979,44.729703356667386
-191.90668466481824,-258.4830370397757,5.679248477945161,7.845826068992794,5.572871153836947,43.72377777791187
316.16196977989244,60.976498798521035,5.679867336398944,7.69997959225898,5.786410651847574,44.55524393165631
-274.3631518387575,168.63051709955462,5.68048604393004,7.744007897169436,5.386717414067129,41.71478219435597
88.41342844633054,-309.72458613846413,5.681104600648812,7.9885698787887245,5.820306224490218,46.49592299028908
144.0468363289039,288.1520832802386,5.681723006665489,7.819326472171056,5.615226647694839,43.90729037356059
-300.91011163883866,-115.19147885186484,5.682341262090168,7.826116662456994,5.73809472255742,44.90699871896317
299.74278270005567,-118.34310965932843,5.68295936703281,7.741886324288849,5.043700821611114,39.04775841463551
-141.10504911673902,289.78448054527746,5.68357732160324,7.98032032216426,5.586695617063014,44.583620566593964
-91.71551209242814,-309.04497234170344,5.684195125911154,7.956707604594996,5.988858782243888,47.65159821552547
276.4313794267266,165.95502392379672,5.684812780066113,7.974733119655406,5.116540793278913,40.8030473222293
-315.98584836716776,64.36742897211765,5.685430284177545,7.801926712001555,5.0106343272602105,39.09260180192338
189.55030361403604,-260.9516178149994,5.686047638354742,7.973126797683039,5.905088072388206,47.08201595263689
36.50790237465184,320.51065043511795,5.68666484270687,7.983106326523387,5.618496618297584,44.8530558990817
-243.46236722678523,-211.70927386427698,5.687281897342956,7.883576767006605,5.520216532911432,43.519050807706314
322.5830933920973,-8.350033110104457,5.687898802371898,7.893219313124849,5.443680536861186,42.96816434803456
-232.26120366210955,224.09627429322822,5.688515557902463,7.508325228438986,5.276995455324823,39.62139810757324
19.890649447961742,-322.1856576761586,5.689132164043285,7.944718853635918,5.603666920115395,44.519558229736695
203.0004547095175,251.0475608166524,5.689748620902863,7.958033198655976,5.887852741255994,46.85572758371279
-319.31973611296905,-47.99783723316411,5.690364928589572,7.636740585895485,5.185091016319584,39.59719500588983
267.9232348684787,-180.33537563482196,5.69098108721165,7.807675394960855,5.603156902154486,43.747630279056665
-75.75610042652951,314.00563588348797,5.691597096877208,7.913537492672383,5.96077059346657,47.17078157661671
-156.2736350329292,-282.75765796501275,5.692212957694224,7.851841794578139,5.827996136224765,45.76050364104952
306.2824355514906,102.95253877289964,5.692828669770545,7.634889647532258,5.9345439664659905,45.309588292396214
-295.4358150434139,130.99864723946234,5.69344423321389,7.620015379609538,5.374794071597118,40.956013487804206
129.37841461477086,-296.20769814997476,5.694059648131849,7.960352931645564,5.946803768837146,47.33865681518366
104.7032447664283,305.8591355055599,5.694674914631877,7.809751559983022,5.763883572529563,45.01449872212327
-283.8570424293344,-154.83075511651927,5.695290032821305,7.7949243824188486,5.966602811207405,46.50921773328945
313.946259472796,-77.58820700347644,5.695905002807331,7.923065218602031,5.254005141087044,41.62782539170301
-179.11391137975465,269.3235754586441,5.696519824697026,7.882669584897613,5.572131909907058,43.92327472926181
-49.86072704260856,-319.63367266475365,5.6971344985973325,7.937365236554667,5.53676001030451,43.94728642893708
252.71719083612484,202.0410624727627,5.697749024615064,7.693463134326422,5.5025143222782384,42.33339108455077
-322.8762049494626,21.732828334766495,5.698363402856902,7.891309023320179,5.163684491597025,40.74823002211808
223.4356528112227,-234.16373779766968,5.698977633429406,7.877953891981167,5.609167062712997,44.18875949247242
-6.580256721009056,323.6473886535239,5.699591716439004,7.954821441988277,5.9866397346143785,47.622650126369464
-213.80406750526646,-243.13275183051493,5.700205651991995,7.821130380563899,5.651351561601171,44.19995738968615
321.9396737933296,34.861733855376144,5.700819440194554,7.719885188335752,5.428468691635382,41.907155047900346
-260.9803254781605,191.79296374262105,5.701433081152724,7.643736923804587,5.53089126484529,42.2766777826462
62.89490706804028,-317.76449848299734,5.702046574972426,7.817262783660961,5.55561714765725,43.42971916864968
168.29796613598515,276.8404097238162,5.702659921759452,7.992926102239088,5.549646410372939,44.357913651667324
-311.1522138834665,-90.4648391147956,5.703273121619464,7.814918019851717,5.709028944028106,44.61559317054027
290.5901770286951,-143.49809484725859,5.703886174658002,7.682432606304465,5.777037479978395,44.381701104029
-117.35999961732107,302.15186417158736,5.704499080980478,7.815460376024961,5.548192582634318,43.361679288134106
-117.58248644747654,-302.12288753066224,5.705111840692178,7.870079468599077,5.882511841529668,46.29583566781359
290.83082311948357,143.37388815724006,5.705724453898263,7.706972871807468,5.096192291883397,39.276215743059666
-311.3487175793419,90.74895136592548,5.706336920703766,7.644089238460616,5.102363864073178,39.0029247040721
168.30661989932202,-277.2742899744611,5.7069492412135965,7.893329533086811,5.655646590707121,44.641882263130256
63.202463918044074,318.1954591907067,5.707561415532539,7.8252775169464055,5.704420548075978,44.63867386206604
-261.58464840983993,-191.96646156765965,5.7081734437652525,7.938996797570745,5.709343197477852,45.326457361008984
322.60908497564867,-35.153596439244325,5.70878532601627,7.516589827184553,5.627955461565196,42.30303277024869
-214.17130597112015,243.88069336899585,5.709397062390002,7.855755563428214,5.840929266239628,45.88491257885263
-6.81690948776175,-324.55417412445064,5.710008652990731,7.856894812921207,5.931110030602751,46.6001076343077
224.29673164054878,234.75007373754485,5.710620097922621,7.934416081519105,5.896662228100903,46.78657160993008
-324.0141960910348,-21.590689575786847,5.711231397289707,7.84826607065242,5.269358943522922,41.35533101053983
253.54403146657822,-202.98156297420022,5.7118425511959,7.576289774233268,5.131573841516149,38.878290421201726
-49.85160707399646,320.9916497092439,5.712453559744996,7.95352735986415,5.760663512081549,45.81759485431171
-180.09734946674246,-270.4080161444711,5.713064423040654,7.824003665607848,5.648628234214812,44.19488801015268
315.5080565798848,77.74922985089995,5.713675141186419,7.619351056875123,5.378260289049358,40.97885321751773
-285.2115563759323,155.81838180913832,5.714285714285714,7.76471745873588,5.138551957362455,39.89940409595368
105.06958569326736,-307.6038086833707,5.714896142441834,7.8303443420573835,5.825957724160042,45.6192551024421
130.32975178166978,297.83988177268907,5.715506425757951,7.81477215733238,5.596894595383833,43.73845605152965
-297.3378712899729,-131.6029846062107,5.716116564337122,7.601917732032337,5.200710052784286,39.5353699694197
308.19481268989546,-103.8259411088284,5.716726558282275,7.935014593170753,5.54914323034955,44.03253251241837
-157.14562835270667,284.7873433494002,5.7173364076962185,7.875429474309568,5.742129327730884,45.22173455290918
-76.50933743326827,-316.1955234134122,5.717946112681638,7.957085416216766,5.781456691621782,46.003544725392516
270.04687863511606,181.501175901616,5.718555673341099,7.774409299931275,5.333477847828935,41.464639781138715
-321.7791728663317,48.58868873375189,5.719165089777045,7.6926267559877735,5.6114549980916495,43.16682885834114
204.4822527586005,-253.2279719881286,5.719774362091798,7.92609216738515,5.716958282571302,45.313138264756056
20.277507991196853,324.9013979145579,5.720383490387562,7.823055963184425,5.800824423631561,45.38017409867674
-234.4581160416936,-225.91189257654202,5.7209924747664145,7.610086369556903,5.396513656968056,41.06793502402028
325.5366654010675,8.207559704047872,5.721601315330318,7.522937256132275,5.718755139669166,43.0218360989151
-245.62489995348426,213.87983480452363,5.722210012181113,7.754275221175839,5.617730661343645,43.561429666496785
36.648395114746954,-323.678480118637,5.722818565420517,7.851667651301118,5.679824179603732,44.596091776072534
191.64960142800751,263.4691239228804,5.723426975150131,7.896477015258152,5.504840955508506,43.46885007782464
-319.3394470330774,-64.82707519990258,5.724035241471435,7.674924462920958,5.075297461096058,38.95252464076677
279.3066323185222,-167.93664837533524,5.7246433644857895,7.9363471692934064,5.493085338098192,43.5950322737027
-92.52754304604746,312.55118718492616,5.725251344294436,7.86923537469182,5.526808479407556,43.49175679530065
-142.92167904040795,-293.0147779498077,5.725859180998498,7.897340639800372,5.828957569104088,46.0332634981577
303.3641078185664,119.53726458910819,5.726466874698974,7.585023492735198,5.828841031152941,44.21189615671392
-304.48714834624553,116.79549062559016,5.7270744254967525,7.806302023852529,5.2268402435878745,40.802293571873875
145.64885942213445,-291.8470284052897,5.7276818334926,7.844027810467925,5.683846269875723,44.58424821132955
89.75751877385865,313.63439171704414,5.728289098787158,7.877880126436816,5.867219062518175,46.22124845006318
-278.0866653323142,-170.6616931745183,5.728896221480965,7.8782478501111814,5.206954813942005,41.02168056856467
320.3849127155115,-62.01431505739648,5.729503201674425,7.566515219841586,5.339258269582532,40.39957895946128
-194.38341923469486,262.18697911474544,5.730110039467833,7.826353276776178,5.7218985286076185,44.78159929874903
-33.77796894648696,-324.68543259162783,5.730716734961366,7.950017765674173,5.519156977632885,43.87739602372601
244.26838904357618,216.63145796859007,5.7313232882550835,7.622577006864576,5.354369492418999,40.814093779170214
-326.5014093519419,5.26448631561056,5.731929699448925,7.955045474337305,5.720288066625513,45.50515169631498
237.2344020574069,-224.46686120197336,5.732535968642715,7.703935927954025,5.060732127117221,38.98755605584956
-23.307863115426446,325.8173146159787,5.733142095936159,7.812339201271981,5.680600401462961,44.37877720311044
-202.93287675643356,-256.0333371371663,5.733748081428853,7.8662445761803275,5.98503524854647,47.07975106212675
322.63676495446043,51.720216761380456,5.734353925220269,7.6836582954015835,5.959985843186766,45.794494664477995
-272.8830675645174,179.83028835142753,5.734959627409762,7.755483454675865,5.233400116279628,40.587548013505405
79.75479577914948,-316.98250660842854,5.735565188096579,7.982519796353042,5.715637670698868,45.6251908551349
155.33507329878577,287.65323785383106,5.736170607379842,7.84517177766854,5.631628273398049,44.18109119278258
-308.89625361131334,-107.19657445829674,5.736775885358565,7.871771416899303,5.495851435497242,43.2620862414722
300.2293411240273,-129.63399304965384,5.7373810221316415,7.662525742077289,5.503234012357215,42.168672284362444
-133.8349295967673,298.4383804595024,5.73798601779785,7.845568974616666,5.588856912840858,43.847762398956114
-102.92316916122209,-310.5136067539173,5.738590872455857,7.815910012455889,5.725553111861697,44.750407893847814
285.68747159241735,159.46525720915622,5.739195586204213,7.86376980235133,5.581726970144518,43.89341599279245
-318.4257603655222,75.40658661700643,5.739800159141351,7.6238975120115375,5.01748394818026,38.25278338908931
183.8905441570655,-270.73973104195477,5.74040459136559,7.914309976585874,5.707788964195674,45.17321114358057
47.29453592322329,323.9036502288361,5.741008882975141,7.967558519408014,5.524137348099851,44.01388759023296
-253.70825668495308,-206.92288262853953,5.7416130340680915,7.9633074209560135,5.500954000117191,43.80578781147089
326.90373520141304,-18.802005880384634,5.7422170447424215,7.686570178977905,5.863376619533339,45.06925587182124
-228.38491582376855,234.72218457286425,5.742820915095994,7.930533425342287,5.953183101285331,47.21191757192618
9.852960685069274,-327.40143037416533,5.743424645226559,7.8001062167637825,5.567783300134288,43.42930113297103
213.9257098120411,248.11120372396476,5.744028235231756,7.901705175592101,5.745970778080299,45.40296703595806
-325.3913076828116,-38.45093565249468,5.744631685209106,7.891771436149455,5.279404396582439,41.663852816831145
265.9494984256105,-191.47699141831154,5.7452349952560215,7.607253398402585,5.033483380825274,38.290983554586
-66.77278602994016,320.8871498541525,5.7458381654698,7.85372274831488,5.748057092228067,45.14364674384425
-167.54694946348783,-281.7619192085782,5.746441195947625,7.965684797215561,5.57350735758766,44.3968028255051
313.92185717931477,94.60135319820661,5.7470440867865715,7.812820792383417,5.557921037403959,43.423041043454866
-295.426018268713,142.3179636622601,5.747646838083597,7.632834021160917,5.189977383211501,39.61423593963245
121.72311810682207,-304.5472077336758,5.748249449935553,7.867121163026954,5.801253335690802,45.63916288929382
115.98248330914102,306.8357288775586,5.748851922439172,7.817987232413883,5.883398404294823,45.99633360798114
-292.8334727867304,-147.92983965207267,5.749454255691081,7.8868112178016885,5.702009933673209,44.97067590891053
315.90218862766693,-88.7415591608888,5.750056449787792,7.781437502570981,5.709972258151296,44.43179226821841
-173.02015366455709,278.86889025606735,5.7506585048257035,7.813237973698346,5.594502282383683,43.71117767666226
-60.80330846482482,-322.55443137453085,5.751260420901111,7.945113599001231,5.509149636967858,43.77081969960602
262.75900014937065,196.8011202275434,5.751862198110189,7.840374141268023,5.668338381656984,44.441893671500445
-326.7399424883576,32.381324852999356,5.752463836549007,7.902768647041574,5.079750459978388,40.14409266991222
219.0897074355134,-244.62584699857317,5.753065336313522,7.806157071600943,5.6470997474949804,44.08214762794384
3.693045252203917,328.4250730730038,5.753666697499582,7.903848056498207,5.908487260592363,46.69978555147736
-224.60705531283847,-239.71420018176872,5.7542679202029205,7.80264017351252,5.806795142027555,45.30833305454154
327.5953098874513,25.041913702971915,5.754869004519167,7.991520369218721,5.945543767022829,47.51393412024434
-258.5155231312222,202.8547850540455,5.7554699505438345,7.559680653094194,5.956904517534832,45.03229583353747
53.603437025130845,-324.2553988089674,5.756070758372333,7.9461923497188085,5.907864748670002,46.945029669055
179.53457506241025,275.3484676852249,5.756671428099957,7.9001773101709745,5.541255400658433,43.776900186144125
-318.42932079812545,-81.77259762388874,5.757271959821894,7.666387208058742,5.227692789507406,40.0775171291405
290.08281347453817,-154.82408322366047,5.757872353633223,7.69630924511257,5.0789413534560905,39.08910329398866
-109.33333453157208,310.1601204555818,5.758472609628912,7.896678049087296,5.677037628961843,44.829738428465575
-128.9117329661353,-302.60433571882413,5.7590727279038205,7.874032059304638,5.926318440694028,46.66402139567305
299.5095883902521,136.07411023908503,5.759672708552701,7.551344948256736,5.251359514282375,39.654827139656156
-312.815690660181,101.99527640016186,5.7602725516701945,7.705601028850546,5.027497535452204,38.739890181724085
161.78953442812505,-286.5577997396541,5.760872257350836,7.9602799393221435,5.6194290790808346,44.732228568650676
74.28028505746087,320.6371722076852,5.761471825689052,7.910716171125014,5.7874067684374415,45.78253231195642
-271.40251228707865,-186.2819416353497,5.7620712567791585,7.897533029539441,5.017370077629763,39.62484590950392
326.007333912526,-45.97857975016877,5.762670550715367,7.919386665934577,5.9920364469601655,47.45325353985034
-209.36291072920858,254.15842869844977,5.763269707591779,7.8712958701753815,5.703924270665019,44.897275555478686
-17.306611542962916,-328.8834714216369,5.763868727502389,7.840474451200085,5.561493991235604,43.60475154878554
234.9563284459545,230.8547145183698,5.764467610541084,7.5942191001346675,5.619088963213715,42.6725927297935
-329.24196162388574,-11.51619378593922,5.765066356801645,7.796131221912991,5.849393686501086,45.602640748591845
250.59168833869043,-213.94207598774122,5.765664966377745,7.883678807821113,5.741264296920807,45.26228366773455
-40.26911513146054,327.07845579874026,5.76626343936295,7.898724334614362,5.892008561973184,46.53935140821376
-191.27551272548646,-268.42150707951106,5.7668617758507175,7.886784370455777,5.662740956643306,44.66081687079422
322.407925194488,68.73182644177373,5.767459975934402,7.796405750485484,5.244909714688588,40.89144426037529
-284.2063608050544,167.12924115709737,5.76805803970725,7.726744207422134,5.170701187637042,39.952685449885266
96.68608514518026,-315.2645585930212,5.768655967262401,7.993775685325893,5.707725313246812,45.62627582755149
141.68731047332938,297.8240198975898,5.769253758692891,7.850103854666163,5.991523180755531,47.03407921657067
-305.7015125522355,-123.91740568385735,5.769851414091647,7.989615196877835,5.623927194842892,44.9330141820513
309.16878148993857,-115.14381360826386,5.77044893355149,7.917746763196942,5.535013288984718,43.824833553110814
-150.2167053205061,293.7905161465523,5.771046317165142,7.891280431109809,5.674834007412491,44.78170655249065
-87.70140643851387,-318.1522898594345,5.771643565025212,7.953313614124748,5.772955874115523,45.91412854734442
279.6213331423025,175.38190958829648,5.772240677224206,7.854002253405663,5.973051621121334,46.912360891995306
-324.7042244167244,59.56976042941991,5.772837653854527,7.6404816529841835,5.38443054998369,41.13964282891792
199.21950505579184,-263.3010856391269,5.7734344950084715,7.973176544772799,5.883191323955898,46.90772307257599
30.963960543679384,328.77284993347035,5.77403120077823,7.81192739349701,5.900921263806094,46.09756846759582
-244.95344427277098,-221.54602747449746,5.7746277712558935,7.532254452764335,5.1994604400451365,39.16365905150199
330.325424705375,-2.1028606548092426,5.775224206533443,7.823211741877925,5.994561109709291,46.89672086088249
-242.1894738643407,224.71769110048993,5.775820506702759,7.561285563933303,5.664058883013669,42.827566665399445
26.792590958762133,-329.34846343295914,5.776416671855614,7.979959430969418,5.64304259373161,45.03125096521069
202.74766226985147,260.99062766807293,5.777012702083682,7.846269213346544,5.587235451556444,43.83895351126571
-325.84785271387614,-55.50104322595062,5.77760859747853,7.638090344624549,5.875569580668536,44.87813128327406
277.8042867649326,-179.21057849749653,5.77820435813162,7.767984694664271,5.9444928236922205,46.176729271982765
-83.80243804942145,319.8488181687386,5.7787999841343165,7.802573994323283,5.891797511496984,45.971186043025
-154.2857722492512,-292.50038487191574,5.779395475577873,7.902627469956286,5.738145470774464,45.34642602394753
311.39574335884043,111.47969723394827,5.779990832553446,7.538206250473987,5.830655217909215,43.95268160800202
-304.9649976720685,128.1633213102234,5.780586055152087,7.526550585637077,5.538646699482944,41.68690455963022
138.32038764408142,-300.5518417900534,5.781181143464744,7.819369096123148,5.686361943322109,44.46376284898366
101.04259915699967,315.10122588716666,5.781776097582266,7.861415884511963,5.898397804396876,46.36975819265609
-287.39868442387876,-164.11835181718493,5.782370917595394,7.7998852354168875,5.611781607243419,43.77125250272199
322.8299484502944,-73.13075318819928,5.78296560359477,7.678378842388207,5.369015927878863,41.225338305070345
-188.67529151460624,272.0355862254841,5.783560155670934,7.895195853359392,5.6347011071767446,44.48706881630141
-44.64112242945081,-328.0904399250319,5.784154573914323,7.91463291038853,5.885745136035962,46.58351215582944
254.57885636104933,211.80229204653926,5.784748858415275,7.5142785955179265,5.73912563740531,43.1253889341429
-330.8408473546356,15.791606799992126,5.7853430092640235,7.904022483432297,5.3851106300222735,42.564035495466314
233.32127565239009,-235.16091770457012,5.785937026550702,7.859897484503503,5.542643848081623,43.564612439035564
-13.196999593112412,331.05852279883726,5.786530910365341,7.902944805251503,5.715074195869558,45.16591592787423
-213.92930231936725,-253.06637275478812,5.787124660797872,7.820154633221971,5.567812497070162,43.54115469587442
328.74020891948203,42.10269838365164,5.787718277938122,7.5275050381608475,5.93323638413581,44.66246677418156
-270.8852005277567,191.04553053420221,5.788311761875826,7.6805605511003545,5.960799846210934,45.78228415181276
70.70398716240153,-323.90207610073884,5.788905112700607,7.9761632444401815,5.784264263540485,46.13623601498047
166.68388213074238,286.64003892324143,5.789498330501994,7.92839753104441,5.7002729222898685,45.194029763362295
-316.5796107264306,-98.78155695833398,5.790091415369416,7.909207473411757,5.699644676941722,45.07967227465901
300.20889507985777,-141.0300689912582,5.790684367392197,7.587585612100765,5.826403107021705,44.20833238513709
-126.11997397533467,306.8273553774605,5.791277186659569,7.841368022659105,5.874712261457427,46.065780869315624
-114.27981931643845,-311.4864478874245,5.791869873260656,7.98084181641533,5.616872654154312,44.827372155754496
294.71850284759176,152.50933268738845,5.7924624272844865,7.929309362073016,5.4153239239794875,42.93977868906853
-320.3848653941385,86.6373842072119,5.79305484881999,7.501358070411616,5.4397062984115765,40.805184742258575
177.74686760663042,-280.3443469972916,5.793647137955995,7.887113591547059,5.646633903114419,44.535643003744156
58.31397800616302,326.83448871314613,5.79423929478123,7.87955832212867,5.889510147491144,46.40673869592509
-263.8135945643496,-201.63851134745195,5.794831319384326,7.662341800050443,5.4568822859920045,41.81249723791135
330.7843771043903,-29.52616430887404,5.795423211853816,7.9040828961316905,5.463895748816503,43.18708493446718
-224.00038701369198,245.25154311811028,5.796014972278131,7.989246846232401,5.710289001314118,45.62090839482438
-0.4941999793071906,-332.20270996817266,5.7966066007456085,7.824217743269494,5.819575057458446,45.53362242285496
224.79913137319016,244.66022343179387,5.7971980973444825,7.96424549031791,5.563646776704095,44.310248751087364
-331.07704258076745,-28.559650167140063,5.79778946216289,7.856814800837188,5.2389236428127415,41.16125281730702
263.45868233693034,-202.61186906059643,5.79838069528887,7.62515796552451,5.419607291079291,41.32536170558797
-57.41281511660353,327.4144135212914,5.798971796810367,7.8184775796292785,5.8350594121844175,45.62128118996866
-178.85865448164452,-280.25058728706284,5.799562766815222,7.961688044431041,5.724577548277864,45.57730062554223
321.24130287431825,85.84412281546255,5.800153605391182,7.778043581085842,5.857573608692413,45.560462807827854
-294.90604482665015,153.72048873586593,5.800744312625897,7.984597584089623,5.7622752223803975,46.00944881947802
113.63549567031086,-312.6034414357281,5.801334888606913,7.893160502298907,5.880931284591031,46.419134532267904
127.38909641151561,307.3114492415675,5.801925333421689,7.804675884412529,5.838616745757325,45.568511313939354
-301.56547229125204,-140.57362339061208,5.802515647157582,7.583916094614255,5.116654938790841,38.804281740883376
317.3703631334263,-100.06546325047296,5.803105829901847,7.5436766435796585,5.572629045490853,42.03811157380295
-166.45160034102884,288.21046726935526,5.803695881741653,7.996893690905947,5.529722618989004,44.22060392425307
-71.95830194010166,-325.0042669889697,5.804285802764062,7.81005728718732,5.992135259438716,46.798919648791426
272.63930188381295,191.0705148344339,5.804875593056046,7.806445520811523,5.1346353109643,40.08325082427794
-330.15317191787943,43.28245774834938,5.805465252704478,7.902900769944293,5.701152396362854,45.05564166278575
214.24097815712128,-254.9698934680267,5.806054781796137,7.824297843884106,5.67577767341909,44.40897501249854
14.25726617666405,332.77609078087426,5.806644180417704,7.852613839911039,5.520928285236673,43.35371786180582
-235.3363082544615,-235.78458157203252,5.807233448655762,7.864272499794754,5.585117009495206,43.92288210590906
332.85136400855055,14.895124809529367,5.807822586596805,7.996135117967548,5.875413903499857,46.980603446370004
-255.53527009047372,213.88774416046735,5.808411594327223,7.765719145070674,5.815387359909241,45.1606649568492
43.95145513974978,-330.37683752498236,5.80900047193332,7.945426652183755,5.984077709413516,47.54605052111286
190.7873969984453,273.3406224337057,5.8095892195012935,7.836565540790488,5.721688280581805,44.83838521475215
-325.3698913210854,-72.68906257072622,5.810177837117257,7.724899565912902,5.49618994545674,42.457515323833626
289.0630273181557,-166.2112187264501,5.810766324867222,7.936439366125575,5.1515461249552255,40.88493346250631
-100.8875890948336,317.8673183665036,5.811354682837107,7.941666186668806,5.9478045379080555,47.23547818361969
-140.3465771879768,-302.5807469864224,5.811942911112736,7.888698511864295,5.585182396955018,44.059820063349704
307.92505469549366,128.33067074644373,5.81253100977984,7.88015395799352,5.025052051437966,39.59818381226235
-313.7888597647221,113.39082755043573,5.813118978924051,7.8279168951186495,5.2345277417241505,40.97544814740975
154.80759784709971,-295.61776264330973,5.813706818630912,7.888273485522043,5.566440605554986,43.90960583753266
85.54980633479845,322.6000743494246,5.814294528985869,7.91548386275747,5.875442184276215,46.506967796202886
-281.0382703361729,-180.11493294897446,5.814882110074274,7.94819444093299,5.516118291191123,43.843180737574066
328.945409503819,-57.036259528821205,5.815469561981386,7.9900236132937,5.2567909424988475,42.001883760714236
-204.0580740524022,264.2968716413975,5.816056884792372,7.809891619476318,5.657235005918576,44.18239226213154
-28.068216788466124,-332.77473387376915,5.816644078592301,7.879916965706459,5.661199259383798,44.60978009026323
245.52049185618492,226.45275108501127,5.817231143466152,7.696364884990642,5.823416060412147,44.81913487804659
-334.0571616996228,-1.1326758473279441,5.817818079498811,7.956253313486341,5.173006170053881,41.15774748117648
247.12644413404098,-224.8517254457273,5.818404886775069,7.698959333587454,5.193286428337508,39.98290101944211
-30.342851977811456,332.78130130346386,5.818991565379624,7.8234275038100165,5.855252811428064,45.80814588668724
-202.44775312567498,-265.9197125159846,5.819578115397083,7.965516657645004,5.590366268432903,44.53015563353903
328.95535435710747,59.33853661876778,5.82016453691196,7.61546241238536,5.662330760793587,43.12126707531696
-282.68742444428733,178.4791465131244,5.820750830008675,7.696444029379325,5.575151285933226,42.90883982750725
87.89746063055763,-322.6070650785355,5.821336994771557,7.924391967359327,5.765841652510064,45.69078927621658
153.12856943692748,297.2998778112899,5.821923031284841,7.818425254816421,5.8323951102032705,45.600145225681054
-313.78351965399395,-115.80056466004336,5.822508939632671,7.646459813182445,5.455553449750212,41.71567021218385
309.64380342922857,-126.58938579563271,5.823094719899102,7.834207772163444,5.3766047257505925,42.121438530325996
-142.83367953288152,302.5507973309246,5.823680372168092,7.88675359150491,5.938404146381642,46.83473022928306
-99.06418457357717,-319.623242970549,5.82426589652351,7.824447340553901,5.521406752566089,43.20195638123209
288.9934757644811,168.7891702051394,5.824851293049133,7.903698638493315,5.192738738478756,41.041842097366036
-327.16029480326097,70.76323326699045,5.825436561828645,7.535781390833973,5.350783256917665,40.32233289386614
193.46753065456116,-273.2139943188626,5.826021702945643,7.822149493146541,5.6932017611346435,44.533075270240346
41.902871527467994,332.19572192526323,5.82660671648363,7.914333689755766,5.749179892585083,45.50092811235256
-255.33188011549362,-216.67891746005583,5.827191602526016,7.5880349344872435,5.712474028513736,43.346452490713304
334.68941725479596,-12.703857295521026,5.827776361156124,7.597554973642496,5.175414369581777,39.32049518427687
-238.24461028034406,235.4828426748196,5.828360992457184,7.997649814600536,5.377727853030758,43.00918416676358
16.610321931510608,-334.62072262440967,5.828945496512337,7.960407423148442,5.665357898860786,45.098557072884056
213.81774400906423,257.9983879956975,5.829529873404633,7.903815270410512,5.897904583373873,46.61594830949456
-331.9885989447173,-45.81515977799486,5.8301141232170295,7.594102003949667,5.647534486941277,42.887952964655604
275.78780991614417,-190.50145198193013,5.830698246032396,7.789003628732007,5.700450545015463,44.40082998053279
-74.68685051974357,326.8116461431821,5.831282241933515,7.9895979900972804,5.526918072068039,44.15785352002714
-165.71158565055103,-291.4753921805592,5.831866111003071,7.9335401188542685,5.6603220894263275,44.90639238210079
319.12797263355657,103.00400429388915,5.832449853323666,7.558317535392525,5.567828748077456,42.083417660656444
-304.9396702682185,139.63716213807737,5.833033468977811,7.740174525323858,5.851307634991105,45.29014229619114
130.54934484292625,-308.9949152245287,5.833616958047924,7.9339828468844855,5.754418148797259,45.65545488635823
112.47715534569305,316.07613941162583,5.834200320616337,7.947937766255123,5.779949674853114,45.938680307819084
-296.48861152280534,-157.11137677278785,5.834783556765293,7.641551987833388,5.058471107784428,38.65456994908786
324.7980656300924,-84.43897749472303,5.835366666576943,7.613098370305709,5.180640062209184,39.4407224147452
-182.4860095305302,281.7034280174862,5.835949650133351,7.85772325957055,5.806646876311085,45.62702422010229
-55.7368950875498,-331.03716109059826,5.836532507516493,7.892841522389747,5.721160511418235,45.156213240778406
264.7512481404713,206.47812563109468,5.837115238808256,7.807322420509797,5.740080297264049,44.81465760035615
-334.7441185383273,26.590391385657025,5.837697844090435,7.6480308941408115,5.465453265222457,41.79995542290412
228.9030810822757,-245.7606256732842,5.838280323444743,7.895992749664298,5.656553403688327,44.66410466361194
-2.7775120796831514,335.8890006160661,5.8388626769528,7.840084029085985,5.970964157063061,46.81286072603496
-224.87580990584064,-249.5881264692925,5.839444904696139,7.805588208244454,5.741761047697578,44.81782232846553
334.46148100113624,32.14196212703132,5.840027006756203,7.981443787711858,5.110076923119106,40.785791712758716
-268.373737761372,202.2556499393659,5.840608983214352,7.722097552158839,5.80387318321859,44.8180749011726
61.277995614312076,-330.47093542222757,5.8411908341518535,7.931659874149082,5.748176123901359,45.59257791149021
178.07238645628973,285.114846587942,5.8417725596498915,7.928916137579325,5.522042967246456,43.78381559540684
-323.9463817677285,-89.96226301446369,5.842354159789556,7.563652075167488,5.712719992355266,43.2090264250287
299.6819604962137,-152.51034014735205,5.84293563465186,7.928145589165316,5.8403347032865875,46.303023817110684
-117.97474067098184,314.93626965311705,5.84351698431772,7.953451125049506,5.835854579672588,46.415184172322256
-125.7645067836494,-311.96216453929065,5.844098208867967,7.999307450277619,5.566470356712837,44.52790779620251
303.50812096882333,145.10041860589456,5.844679308383351,7.8407024338583415,5.885678006098473,46.14784986732281
-321.85999644809425,98.03906964278856,5.845260282944528,7.830654969456844,5.17898178233503,40.554819430568266
171.13095093211993,-289.74802407286506,5.845841132632071,7.865575833821673,5.749848506810244,45.22586946330228
69.54584063811684,329.29818860447637,5.846421857526467,7.809541952133957,5.945254245864424,46.42971244918075
-273.7599854157089,-195.86625620090805,5.847002457708114,7.912118436927081,5.91170585511686,46.774116889959885
334.21827104951666,-40.50264205320924,5.847582933257325,7.938228351253882,5.515579976865175,43.78393334595936
-219.11605539108115,255.665143479625,5.848163284254326,7.9339113253757025,5.947357795911386,47.18580937304282
-11.131641246126675,-336.5810308224409,5.848743510779261,7.911941113757273,5.693106672887575,45.04352475022508
235.60085097285304,240.70133571723574,5.8493236129121815,7.890236986169512,5.6921183377704345,44.91216263833
-336.3668240237248,-18.342348944186966,5.849903590733058,7.81155100836907,5.755690986744463,44.96087373136447
260.4557289954084,-213.71963223206504,5.8504834443217755,7.96528973160886,5.345624855377338,42.57945076957021
-47.693591086501506,333.57573812237456,5.85106317375813,7.944315849303456,5.66822436679052,45.030164674501975
-190.1880237470953,-278.22679395268716,5.851642779121834,7.801992767501963,5.7582479483253195,44.92580884631716
328.2276031734879,76.69715216700985,5.852222260492516,7.5839078167704645,5.078424638793856,38.51430431502845
-293.87719259695837,165.18530662232592,5.8528016179497175,7.78176136246179,5.694353794960844,44.31210234581396
105.13062747611215,-320.36185176922146,5.853380851572896,7.98165090857501,5.748101774878215,45.879341754038336
138.90214062252028,307.2857515688695,5.853959961441424,7.832102014910156,5.927146278124046,46.42201430756257
-310.0372287053634,-132.7758461595346,5.854538947634589,7.6360861902336215,5.060971605383631,38.646015385034424
318.34840027403396,-111.5391102108661,5.855117810231594,7.821787504492897,5.057420688041033,39.55806994268322
-159.4205453536161,297.33135249795254,5.855696549311556,7.922125955875893,5.606986690775798,44.419254797245635
-83.30519366765792,-326.9789785328298,5.8562751649535105,7.9548466728235905,5.93869015682716,47.241369634966745
282.340132020959,184.86000005749028,5.856853657236407,7.602279329278934,5.663272502317959,43.053779480445606
-333.10990748069327,54.41616697414125,5.857432026239111,7.599053001392828,5.653285366398987,42.95961513126437
208.8985962263797,-265.17704264823294,5.858010272040405,7.9018462886593595,5.634628600268775,44.5239690930077
25.092954652951697,336.6927184959801,5.858588394718986,7.992533771504289,5.713419104917403,45.664695146810146
-245.9722673621883,-231.35133499782197,5.859166394353467,7.6164421306466625,5.751672144942421,43.80727804640631
337.6984360172904,4.440059829637359,5.859744271022381,7.738054610389901,5.511261184246324,42.646440015820176
-252.04525648314694,224.87170932974027,5.860322024804172,7.670526480398733,5.675745395275363,43.535955350460846
33.956751177015356,-336.1178112293417,5.860899655777207,7.978272772981314,5.967680937736986,47.6117863433866
202.03588343486425,270.8207721659812,5.861477164019764,7.9706636220604405,5.878144217193445,46.852710277208736
-331.9614047374757,-63.23098374985544,5.86205454961004,7.643218685124168,5.965624586237655,45.59657330596778
287.5328956433583,-177.63869518919196,5.86263181262615,7.619053354544041,5.634352113356691,42.9284293699526
-92.03834416882022,325.2595175069791,5.863208953146125,7.896807071420699,5.524543165556511,43.62625153613555
-151.8661163101296,-302.0523622178926,5.863785971247914,7.853757974954687,5.7459815226666615,45.12754820758557
316.06197050572916,120.15786175665136,5.864362867009382,7.94403822361437,5.700295438414129,45.28336484865647
-314.2666286955498,124.91476705337176,5.864939640508314,7.824610679208562,5.558286398155202,43.49142710910489
147.3737036292058,-304.4377346483364,5.865516291822409,7.949365643300322,5.969660526112101,47.45501428844165
96.9904161072595,324.0807456563863,5.866092821029287,7.928986254947388,5.769087668621867,45.74301682808925
-290.47441378806394,-173.4768314314011,5.866669228206486,7.630645656698406,5.595738638327502,42.699098736573205
331.4180954382687,-68.30640949460148,5.867245513431457,7.919427499875157,5.710431198055039,45.223345866022115
-198.266607000199,274.2775846305486,5.867821676781575,7.9276902353318155,5.906367606598819,46.8238528011136
-39.082040478420666,-336.22099009861114,5.86839771833413,7.837968938935711,5.921522816943586,46.41271191040292
255.96999854207388,221.55233462055858,5.868973638166333,7.700548019997983,5.780821203247923,44.51549127063315
-338.4511246887496,9.540872927323047,5.86954943635531,7.865602575061821,5.62741814718437,44.263034669443
243.15472801884025,-235.6906512864184,5.870125112978107,7.921312962679346,5.019513959574372,39.761140994326404
-20.090969039762566,338.0898822815491,5.87070066811169,7.880512684362903,5.665743080426713,44.64896021164406
-213.59372773996384,-262.9072908078341,5.871276101832944,7.889451868074104,5.741319175318004,45.295861292922304
335.13848832674637,49.586532043698504,5.871851414218668,7.9888803370698325,5.26167229376235,42.034870327743164
-280.6575997541031,189.84742959698625,5.872426605345586,7.907353149024021,5.984388699516144,47.320674828102746
78.7197718184305,-329.6180130616998,5.8730016752903405,7.998791702228541,5.612711262254737,44.89490827152787
164.6326949784655,296.2684809766975,5.87357662412949,7.895922696035702,5.994912509715146,47.33536574620817
-321.5692218688234,-107.2672856513371,5.874151451939514,7.63891441233199,5.204184304470582,39.75431848785226
309.61907000089644,-138.14181969138556,5.874726158796812,7.537866541247644,5.684306440999099,42.84754333180558
-135.01002561207986,311.0522746361083,5.875300744777704,7.8305246137973485,5.761361088429302,45.114479811919935
-110.57699064493721,-320.6057474752784,5.875875209958428,7.943332088814216,5.779488330973408,45.908395116348395
298.1462763348562,161.7349794307433,5.8764495544151405,7.878123680013041,5.061331663972919,39.873796834344866
-329.14294330835855,82.14874260940489,5.877023778223924,7.656884635928959,5.876260035092066,44.99384517941981
187.23680612617517,-282.9486821701915,5.877597881460774,7.881670631629832,5.665381749392336,44.652672951157214
53.0743500975721,335.16380298505146,5.878171864201612,7.809987708958274,5.7597362992298535,44.98346970382597
-265.57456177631275,-211.31941382455037,5.878745726522275,7.8589860924195225,5.1470767325726055,40.450804457904226
338.62071087563936,-23.57616665260876,5.879319468498523,7.815213859448963,5.15744600796957,40.30654352084351
-233.79746764375076,246.1557280112413,5.879893090206038,7.993896710645853,5.790914784518242,46.29197464759081
6.120075763306676,-339.4856664427328,5.88046659172042,7.8911310572661115,5.585762704737409,44.077985557872125
224.83973694667682,254.49781604789098,5.881039973117191,7.878442945780733,5.90276698853882,46.504612941441046
-337.75051037653185,-35.78699427212652,5.881613234471793,7.590797611482528,5.368635953053821,40.75222896936017
273.26082469423505,-201.78876663950473,5.882186375859593,7.71354144931818,5.770293652219573,44.50939926113326
-65.19729625357826,333.4269988369455,5.882759397355873,7.979696278538539,5.828260343085452,46.50774737007273
-177.17838320487374,-289.94160749715473,5.88333229903584,7.825483198484653,5.9048130676659945,46.20801545121286
326.5467251440069,94.12552085549785,5.883905080974623,7.577497553644052,5.11930618882623,38.79153012218561
-304.4111454153443,151.19620357939618,5.884477743247269,7.557527686737027,5.243975761806029,39.63149200842695
122.34976749659332,-317.1608894266412,5.885050285928752,7.861813778432326,5.750536091237571,45.209643875463904
124.04046516022134,316.5572843232865,5.885622709093962,7.808168683103723,5.637809868038925,44.02097045291467
-305.33991790523186,-149.65339810919306,5.886195012817716,7.73443009081751,5.749611522448957,44.469968369740286
326.28560424945056,-95.91851322534046,5.886767197174748,7.67407678879778,5.372233557266759,41.226932845821366
-175.8267000629594,291.1729346366767,5.887339262239719,7.882380719388724,5.929880605082962,46.74157654978308
-67.0452176769438,-333.5201532448752,5.887911208087207,7.8877300305723415,5.708654106017445,45.028322426183905
274.7670896828632,200.66849700416532,5.88848303479172,7.975498135983507,5.757062093226594,45.915437993270004
-338.2040401791629,37.641331198034514,5.889054742427678,7.655485605709801,5.861049499136873,44.869180074994965
223.9876952367457,-256.2467487660456,5.889626331069433,7.890799279525994,5.532727354556213,43.65764102314593
7.931801368558856,340.2998818385899,5.890197800791254,7.941353310588255,5.973637029266653,47.43876219861932
-235.75255053900668,-245.60475375800746,5.890769151667335,7.951127137852478,5.726577581260634,45.53274641337904
339.79010081480226,21.855950352509858,5.891340383771793,7.672691620038078,5.3004767128746675,40.668923257080436
-265.35306663993094,213.44033861594184,5.891911497178667,7.607312995160662,5.298801230190802,40.30963945720379
51.493769611216926,-336.6770718138909,5.8924824919619185,7.803958700268209,5.627786332322071,43.91901211137534
189.47997647390594,283.08024711205485,5.893053368195435,7.835386633467628,5.5608278317693225,43.57123606406012
-330.9831151757942,-80.75451678016051,5.893624125953026,7.650057811448983,5.748724542254994,43.978075090346294
298.64930344894714,-164.05405423697053,5.894194765308422,7.895339277979357,5.783742390922686,45.66460847276612
-109.41380783019822,322.75033756408857,5.89476528633528,7.8125468944690315,5.682473572027413,44.39459125804511
-137.35649718902116,-311.93969758856565,5.89533568910718,7.815925983160646,5.940088769511452,46.42729415590531
312.04032095732936,137.25173510889203,5.895905973697626,7.625164180058616,5.2147370816430705,39.763226403368144
-322.84827830112056,109.59108661993278,5.896476140180045,7.629531577038208,5.605912867323951,42.77048923937289
164.05455482842004,-298.93366223621973,5.897046188627788,7.870330989678291,5.907299843250871,46.492405021659046
80.96990428785338,331.29008168457847,5.897616119114129,7.810800993105836,5.588516691293021,43.650791722340074
-283.52936680710116,-189.6163283130676,5.898185931712273,7.98875005811255,5.213229591809847,41.64718820452498
337.1989927753893,-51.711712372245294,5.898755626495339,7.996270189562828,5.682863185923095,45.44170948496088
-213.74050440317828,265.9441008227828,5.899325203536378,7.9598971699609935,5.6058459451265295,44.62195727384997
-22.040281293602373,-340.5282631236512,5.899894662908362,7.90840910409194,5.984240586408298,47.32582273462787
246.31130764794176,236.24143085599553,5.9004640046841885,7.524119172206171,5.448973797049586,40.998728215229846
-341.25088028265293,-7.817321817519699,5.901033228936679,7.574861102438112,5.291739703224337,40.08419324218143
256.9457831208215,-224.78019525991115,5.901602335738586,7.541232445935761,5.578894231892389,42.07173819399075
-37.632470910523175,339.35978629513977,5.902171325162575,7.807654070784492,5.635723302799176,44.001777986915016
-201.51460226858083,-275.6938994922906,5.902740197281249,7.956509900848257,5.889260440150494,46.85795900073137
334.867943414066,67.1767317633476,5.9033089521671265,7.842380874814002,5.951254730490392,46.67200627954421
-292.34101235656414,176.69175117374706,5.903877589892659,7.881454495163191,5.954579794482867,46.9307496880349
96.22361228206795,-327.8082464652042,5.904446110530214,7.956774200614593,5.642945312395724,44.89964167714935
150.50089834735388,306.75836603548845,5.905014514152098,7.836711482361933,5.528857241137236,43.328059025960094
-318.2332824337977,-124.55029893960514,5.90558280083053,7.686087838515928,5.6291648061690776,43.26625515769802
318.83421259722155,-123.14189102497699,5.906150970637664,7.743985442408073,5.217857716625207,40.40701419810223
-151.93936604005285,306.2149390284891,5.906719023645572,7.861783798703535,5.873934127023768,46.179600154487254
-94.82364230946094,-328.47467793194096,5.9072869599262585,7.926737822268515,5.757238553112202,45.636120590776954
291.84386513404695,178.18044469561738,5.907854779551651,7.712593864040118,5.128953201448232,39.55753299043855
-335.60449138091235,65.76253582427834,5.908422482593604,7.519529138589371,5.498695612478175,41.34760188226317
203.071838704267,-275.22878720106144,5.908990069123898,7.84345417600493,5.54991839606627,43.53053062011257
36.18077220002458,340.1675732488744,5.909557539214239,7.826790848269279,5.536226715887696,43.3308885938537
-256.49568672706613,-226.4220749156385,5.910124892936261,7.57042222286087,5.054117912724119,38.261806563445866
342.12747561542375,-6.304670030258452,5.910692130361523,7.605758826060414,5.580324789927684,42.44260452327621
-248.05137616755755,235.78684505097385,5.911259251561514,7.593695813693294,5.021130424855095,38.12893708723017
23.637065710876538,-341.4676729825776,5.911826256607645,7.807097921228247,5.579683563859872,43.56113595252182
213.25976270307905,267.793045461948,5.912393145571256,7.996008011816663,5.958936057630971,47.64770045872044
-338.19170044436567,-53.4150945399492,5.912959918523616,7.796725785747445,5.585311070957588,43.54713884835571
285.49475072249885,-189.08596151834033,5.913526575535919,7.893445457897722,5.098466997194621,40.244471161247326
-82.80119721967245,332.32313823138065,5.914093116679286,7.9810500400004365,5.870453049849809,46.85237954832451
-163.44967862377456,-301.01970023211703,5.914659542024767,7.937998978814171,5.8554998653587,46.48095195166388
323.9054426597567,111.57002494083841,5.915225851643337,7.54169287426721,5.138343915170938,38.75181169057894
-314.247699680164,136.54646224461857,5.915792045605901,7.6922565679452966,5.137817663586381,39.521411667627696
139.50082752337585,-313.00162469104157,5.916358123983288,7.818311290988467,5.855036056575116,45.77649451026582
108.58168003201085,325.07608265143836,5.91692408684626,7.92020620754577,5.72008167685618,45.30422640470514
-299.69377847785785,-166.3791473821725,5.917489934265504,7.527802474416831,5.132739447920705,38.63824871659436
333.4205073539417,-79.7689512914634,5.918055666311634,7.736582369966987,5.611285796508258,43.41217476611195
-191.9984662579876,284.0824634211533,5.918621283055193,7.8448654542375404,5.7853674056792554,45.38542890088505
-50.328515081098324,-339.2156134032913,5.919186784566652,7.813464503230322,5.827723237441895,45.53470865040274
266.28594438939183,216.16179206822946,5.919752170916411,7.994103413375342,5.771424677155357,46.13736571168632
-342.415533550443,20.485546646949974,5.920317442174797,7.813131850327984,5.944930329550989,46.448524505795675
238.68317368393045,-246.43929583959675,5.920882598412067,7.816188331514845,5.8082787214556,45.398600368827225
-9.531564933983777,342.9942563479865,5.921447639698405,7.880049175014308,5.933294491198697,46.75465236048723
-224.6933766263633,-259.38913198450973,5.922012566103927,7.849358846184742,5.765908761042006,45.258686939779174
340.9458368901636,39.492964729766115,5.922577377698671,7.905225328637633,5.102714346381461,40.33810669581735
-278.11999617675303,201.2136832797557,5.923142074552611,7.699572625378055,5.733188842716904,44.14310386950597
69.1690921649988,-336.2844539243146,5.923706656735646,7.85844572349791,5.927897875482659,46.58406370891905
176.17909046875852,294.7311350840429,5.924271124317604,7.952880287950653,5.697077001325076,45.308171382775214
-329.04431280780426,-98.33243999358422,5.924835477368246,7.904405340251104,5.510883029447473,43.560253247463784
309.0940739107664,-149.78048823643158,5.925399715957257,7.93772114957706,5.509614512901588,43.73378364507565
-126.75929854943608,319.2793949651919,5.925963840154253,7.988639380445698,5.811932336667632,46.42943154118883
-122.21932638945299,-321.0974878589603,5.9265278500287835,7.9255732575760085,5.882472081515338,46.62196341769545
307.06305567724814,154.2314719034133,5.927091745650323,7.876870188012057,5.594609233371514,44.06801068392107
-330.648064912944,93.70607714214914,5.927655527088275,7.773490112145015,5.449039506861491,42.35805472727535
180.53795276016808,-292.48747319657195,5.928219194411978,7.882241349488999,5.92102868354812,46.670977120973404
64.45862774788353,337.6712311058256,5.928782747690695,7.941899988069394,5.664046453349596,44.98329046028165
-275.66295332554637,-205.47654323752235,5.929346186993621,7.724286359576578,5.04651218423311,38.98070522810882
342.1117326316969,-34.70061539389602,5.929909512389882,7.676766363184062,5.100995973844356,39.159154310745684
-228.85540907830494,256.7170947023071,5.930472723948532,7.833012767429685,5.8156444539505765,45.55401725862651
-4.659717085143784,-343.93407026106325,5.9310358217385595,7.936025927882523,5.9613810312835716,47.30967443025347
235.79382111076154,250.49455534753795,5.931598805828877,7.883861631183388,5.56609896352198,43.88235405388056
-343.1227826462154,-25.434092405106878,5.932161676288331,7.989493892413534,5.6388697208197,45.0517151946046
270.22721226265907,-213.05228815327877,5.932724433185701,7.640419312386983,5.840995512780628,44.627654919414816
-55.35030118800521,339.68257625922075,5.933287076589693,7.871958149542026,5.720247527501687,45.02954914151453
-188.6656725915978,-287.9011204865998,5.933849606568946,7.845091879649863,5.693668758518435,44.6673545428691
333.6383008791316,84.85962603504709,5.934412023192026,7.877571498078499,5.194286890424177,40.91836636084829
-303.37970597782737,162.81985356533522,5.934974326527438,7.977744201030174,5.271487352448899,42.05457765680311
113.73576975013808,-325.03477072791026,5.935536516643609,7.81414337270307,5.640752466263152,44.0776485013087
135.71199573125045,316.54313533209626,5.936098593608904,7.983959375460779,5.602210365484953,44.72781997081715
-313.93643253738077,-141.7571566673839,5.9366605574916145,7.862996594616923,5.153880132222153,40.524941928726605
327.28924346123796,-107.5490451237191,5.9372224083599665,7.5006767261108465,5.4842062688463225,41.13525832192681
-168.70863296413006,300.42688300317565,5.937784146282116,7.889857505483141,5.788985867296417,45.674273594224466
-78.54614921182078,-335.5343264279123,5.93834577132615,7.847222396205786,5.687762991817107,44.63314113369763
284.6082392371562,194.38311874079105,5.938907283560089,7.850205798776087,5.1424903227782615,40.36960735202382
-341.21379328442157,48.92501321585554,5.9394686830518815,7.741487365930175,5.569092795157477,43.113061513404375
218.58319918116817,-266.6003669582746,5.940029969869414,7.9443619830262575,5.961204356251677,47.35796526085634
18.91220524140107,344.28267184059735,5.9405911440805,7.955294880595239,5.865706147145129,46.66342208345967
-246.53997225465923,-241.12264256653796,5.941152205752886,7.712128826830117,5.253880106013245,40.51860021829402
344.7159644021773,11.262576811625841,5.94171315495425,7.942887308495665,5.045590807646814,40.076559189920275
-261.82783347032955,224.57956379843853,5.942273991752203,7.804168509419889,5.07553158033856,39.610303727844354
41.36826330716019,-342.5088506684725,5.942834716214291,7.902928747482185,5.894251879246787,46.58185262140032
200.88629339141863,280.53911010351766,5.943395328407988,7.993523033819498,5.699324119516577,45.55767862655879
-337.6767361477017,-71.17418244183118,5.9439558284007,7.6158831410560435,5.876226771306593,44.75265640061607
297.11199550904894,-175.64068365652284,5.944516216259771,7.819319509878021,5.124695673215219,40.07163285975924
-100.45182777200489,330.2551456311833,5.9450764920524755,7.870318579407087,5.599899832672476,44.07299569590082
-149.03525255967915,-311.4183131111732,5.945636655846016,7.981422025572419,5.645945769569,45.062675920425434
320.2994624545893,128.9766101545246,5.946196707707532,7.849287669575354,5.017897904784445,39.38692415121255
-323.3471780063099,121.2730452428947,5.946756647704099,7.776649457846338,5.130698910444234,39.89964690027895
156.52958066839176,-307.8845154565607,5.947316475902718,7.933005739230301,5.912793510560215,46.90622485415786
92.56608436545152,332.80585632935237,5.94787619237033,7.975127937460905,5.920105759087471,47.21360083202168
-293.1040167131169,-182.89911129937622,5.948435797173806,7.922540499519803,5.954875815298876,47.17774481631635
339.72048603585785,-63.133750780950685,5.9489952903799495,7.926032623711885,5.012439089164373,39.72875574508551
-207.88252048570084,276.06985427149306,5.9495546720555,7.893876677621067,5.760913508597987,45.4759407873138
-33.20110691844868,-344.0366534987267,5.950113942267128,7.988209597481976,5.626348528352978,44.94445131296786
256.9112452205272,231.28763103815186,5.95067310108144,7.6022035763842615,5.4743751457529575,41.617314311512246
-345.7198214196487,2.9971756819728945,5.951232148564973,7.708262226237775,5.121954201138153,39.4813660931531
252.93424845908868,-235.77375550793047,5.951791084784202,7.960923402496788,5.343655121216043,42.5404291093606
-27.246811969198824,344.7556046923737,5.952349909805533,7.959888170532194,5.617693504189092,44.716212069670306
-212.81819393947995,-272.65554828801214,5.952908623695306,7.856011152225383,5.527088844231367,43.42087159962212
341.14989201805736,57.29918734967748,5.953467226519796,7.684110475882064,5.611375845416239,43.118431917874496
-290.29936179201957,188.21938876347212,5.954025718345212,7.940684448103427,5.587513680713217,44.36868298800458
86.92961873189346,-334.92881225363914,5.954584099237696,7.813926095698754,5.912657601786447,46.20106952953073
162.16485614823497,305.7293500923899,5.955142369263327,7.902393806458215,5.9474698980389995,46.99924928636006
-326.13854566339086,-115.91087678916692,5.955700528488116,7.952637088145582,5.8210108651622265,46.29238689678752
318.82605766782456,-134.85337069413464,5.9562585769780085,7.509880359864898,5.325331382057783,39.99260155588794
-144.0205772654049,314.8449814323234,5.956816514798887,7.9837367021087795,5.7328225422286545,45.76934573706747
-106.49344887790875,-329.4878370940521,5.957374342016567,7.929533905350489,5.581762075517224,44.26077162941334
301.1332239789467,171.0428875057842,5.957932058696796,7.573979362413408,5.955859567564771,45.109557450168026
-337.63163786158674,77.30175700047103,5.958489664905265,7.77857177284671,5.882943529565647,45.76089848033054
196.77018375216826,-285.10695176490276,5.95904716070759,7.9509981735940745,5.974195420251918,47.50081687511708
47.501455794351976,343.19365315091824,5.959604546169327,7.925481818073561,5.8868458368985035,46.656089646141126
-266.8876334313368,-221.0046464769024,5.9601618213559675,7.9243584330658,5.443802795516348,43.138644590597146
346.1298195293834,-17.320494339138538,5.960718986332937,7.8615636875945984,5.067842828463092,39.84116915468214
-243.559781496259,246.61360718784394,5.961276041165595,7.945963137950009,5.5117451814450025,43.79612403753557
13.010133671175533,-346.4161656581445,5.961832985919241,7.87747246491745,5.70120681971162,44.911099739077876
224.43903043100252,264.26185516663287,5.962389820659103,7.929282277312906,5.797180244081384,45.967478567783026
-344.0490072524785,-43.25815796919976,5.962946545450352,7.657990392862403,5.200967094406518,39.828956042558595
282.9512326183636,-200.53270756781004,5.963503160358091,7.972294606058522,5.310778587179509,42.339091484542294
-73.1918105300289,339.0449867151335,5.9640596654473566,7.812554298205713,5.8535230330621735,45.730966531596025
-175.07680495708433,-299.48360871884495,5.964616060783127,7.998574804669518,5.92872102394645,47.42131860605254
331.44095705183344,102.58160153834618,5.965172346430309,7.738774916519193,5.310623487489462,41.097719836061124
-313.7311222727684,148.26546275186732,5.965728522453755,7.539870045551327,5.100728354619455,38.458828931489535
131.20207889728218,-321.2937108709949,5.966284588918245,7.983375475165575,5.517273244383485,44.04646390899832
120.30331422136149,325.5833448567315,5.9668405458884965,7.881455682715542,5.90332284997269,46.526777422821766
-308.67955645723043,-158.8335577880465,5.967396393429168,7.952055583144502,5.313253587201068,42.251287852764804
334.94813664124814,-91.40392384580608,5.967952131604852,7.5678461721011665,5.613125237197696,42.47926833985104
-185.2638070112792,293.69374408113714,5.9685077604800725,7.947572529133208,5.7521993800472915,45.71602177496093
-61.788156106436176,-341.75236256813287,5.969063280119299,7.921181133105173,5.664635998933287,44.870607800658725
276.4497468572195,210.28967916480158,5.969618690586931,7.859729298914414,5.289491814396322,41.57397378997874
-345.9424633175635,31.682487430395877,5.970173991947307,7.659302093501608,5.809671777694809,44.49803120945506
233.71867213556408,-257.0784015787452,5.970729184264704,7.938629729152701,5.7573183609383864,45.70521870034217
1.3172741930262954,347.4848766086932,5.971284267603333,7.9986891343562405,5.897902728812528,47.17549047244279
-235.7269160343074,-255.3704099028929,5.971839242027343,7.8692562308645,5.924904733963475,46.62459349502065
346.36630552202905,29.075009976123876,5.97239410760082,7.57468564824945,5.343424520988318,40.47476103163441
-275.0780312617175,212.55775033759477,5.972948864387789,7.781436183357059,5.792265288263058,45.072142697693266
59.26155409460612,-342.5938317021478,5.973503512452209,7.881447924127256,5.806882458696487,45.766641699744405
187.74738077146048,292.6894757736656,5.974058051857979,7.96258063598209,5.613316528977999,44.69648549727842
-336.19487248673937,-89.01099330735596,5.974612482668934,7.623419826399443,5.761443411256512,43.921901930051334
308.0686570354474,-161.4849555523669,5.975166804948847,7.89509113505008,5.149118459016746,40.65275949910584
-118.09518228258409,327.21698220336293,5.975721018761429,7.902177285226934,5.946845630213623,46.99302845782514
-133.9708527546956,-321.096514211859,5.9762751241703285,7.90716770693333,5.594331116644857,44.23531434742649
315.72749906950725,146.29094492956037,5.976829121239129,7.965962659523089,5.6721587889567,45.184205111714775
-331.67193370849515,105.41515138982389,5.97738301003136,7.500929662423359,5.261642176548852,39.46720787513309
173.38178701843822,-301.81304031542084,5.977936790610479,7.8482982064907025,5.840703691189663,45.83958430420746
76.03602730644965,339.7125338497991,5.978490463039888,7.986986507290794,5.761033209248945,46.0132945103255
-285.57884931363554,-199.15955855905943,5.979044027382921,7.753268703477209,5.994288055100211,46.475325977235734
345.15530647383144,-46.058086161199746,5.979597483702861,7.768691678829809,5.392916664253157,41.89590681420611
-223.4260531733417,267.14799963521995,5.9801508320629155,7.984684830200959,5.769326892086856,46.066256915716366
-15.710646197571652,-347.95711044813817,5.980704072526242,7.981794455584227,5.752053786471903,45.91171102108369
246.6604620518361,245.994532171542,5.981257205155931,7.926879611291354,5.559511453936091,44.069577992946755
-348.0950132429794,-14.774016037065861,5.981810230015013,7.7885999039747285,5.89831224144846,45.93959415735844
266.69116161281954,-224.2720415562028,5.9823631471664545,7.85216851334615,5.832021896411023,45.79401870414394
-45.16244361540601,345.5664778603002,5.982915956673165,7.963051787408134,5.822874333996697,46.36784987318534
-200.1531924734824,-285.35635129077474,5.983468658597987,7.9389083200974,5.6162822452357695,44.58714984471756
340.38939360029144,75.22178718546502,5.984021253003709,7.603097055070378,5.878402829934744,44.694067244794226
-301.84598533000644,174.48772067471975,5.984573739953053,7.961137194361954,5.008090229014941,39.87009339493152
104.72158926314985,-332.6019503431446,5.985126119508683,7.850579041037192,5.611770581326203,44.055648508868586
147.47138277354077,316.0325349045424,5.9856783917332,7.814954499054672,5.691008562460556,44.47497296935979
-322.2623572224918,-133.4355511885854,5.986230556689145,7.55376009157891,5.098719921594984,38.51450706188254
327.8060444869824,-119.31039298216204,5.986782614438999,7.910354637450602,5.303067109794794,41.949141504677016
-161.1432691979189,309.4484077598609,5.987334565045183,7.864805146426239,5.547382055737586,43.62907894115753
-90.21984901623716,-337.0749840015085,5.987886408570056,7.878473713590512,5.7289382355709115,45.13528929572903
294.25689470711313,187.63192629147017,5.9884381450759125,7.877911172310579,5.720603762530836,45.06640829320361
-343.7669602772072,60.42208906465655,5.988989774624997,7.742092868719532,5.659498624357209,43.816363940163946
212.69792691043997,-276.8028789972412,5.9895412972794855,7.830422854608135,5.755765295690175,45.07007611713269
30.144992375279223,347.82928227260885,5.990092713101495,7.974724089272498,5.8920697568293345,46.987630625460845
-257.2188183242317,-236.1484618654354,5.990644022153083,7.846628521601083,5.986128735143201,46.97092846715046
349.2293756597696,0.3797635534461841,5.9911952244962485,7.84385775861854,5.364345137172697,42.0771602241197
-257.80299148757996,235.65356195134015,5.991746320192929,7.510472021849794,5.359005488614626,40.24866078717963
30.91847584533158,-347.9550435080669,5.992297309305003,7.822308340832197,5.505450677444477,43.065332754214204
212.27121937579102,277.4946355929513,5.992848191894286,7.997000416652016,5.8505056715662445,46.78649629314024
-344.01457098533933,-61.237205616404815,5.9933989680225395,7.5868745681839105,5.059839110673918,38.38836466787424
295.0714595588361,-187.24991144869895,5.993949637751459,7.926269730829407,5.155551499741135,40.86429179813031
-91.10357014071228,337.4366731880647,5.994500201142687,7.827265264139458,5.65358547858957,44.252113234407396
-160.78041345443364,-310.3976466004321,5.995050658257801,7.911592393961858,5.7953386246668614,45.850356983347716
328.2702864138041,120.2885240817342,5.995601009158321,7.503589965272331,5.45519622167455,40.933555627548685
-323.3545472031489,133.0647004867453,5.996151253905708,7.805922365485429,5.008466876242469,39.09570360605403
148.56811613539944,-316.58420438892966,5.9967013925613655,7.845118850648761,5.957151087212702,46.734558290455126
104.31440621330913,333.8415976019743,5.997251425186635,7.909805677945474,5.81644325482696,46.00693588247795
-302.4665621535103,-175.72520761157693,5.9978013518427975,7.6029477513223265,5.1714358643377,39.318156675873944
341.777100198328,-74.74920679010957,5.998351172591079,7.987990108644796,5.4656777855258,43.659780087819684
-201.55113976515406,286.02417147404117,5.9989008874926455,7.961524036650086,5.923465519444833,47.15981311332803
-44.595142267089386,-347.09885985881624,5.9994504966086035,7.854804929005238,5.74687640580967,45.1405931187377
